feature,horizon,n_top,n_bot,mean_top,mean_bot,spread,t,p,set,test_spread,test_t,same_sign,fdr_pass,survivor
f_range_z,4,4101,4079,-0.03767100957960256,0.014293013169957226,-0.05196402274955979,-1.4865131736282444,0.1371864591011761,train,-0.0663370339095051,-0.6604867816114874,True,False,False
f_rsi,4,2965,3000,-0.01728069634480785,0.04296212920806454,-0.06024282555287239,-1.457081056407624,0.1451470923443485,train,-0.05291201055266282,-1.006182584290253,True,False,False
f_ext_ema50,48,496,485,0.20624759162092215,-0.3223585285381125,0.5286061201590346,1.2871601030662871,0.19834278407194922,train,0.7958593165350053,0.9125202478834891,True,False,False
f_spread_per_range,4,3845,3854,0.01595198595904867,-0.027306314901399103,0.04325830086044777,1.2073317085694697,0.2273452044175244,train,0.1182536213778915,1.233965684782857,True,False,False
f_ext_ema50,4,2750,2771,-0.015299264843687767,0.034359579020235814,-0.04965884386392358,-1.165506107260076,0.24386484598552546,train,0.1660582698781158,1.2079783225679424,False,False,False
f_vol_of_vol,48,406,545,0.2921501044240566,-0.045798276578701995,0.3379483810027586,1.0178690185282644,0.3090301523544428,train,0.24566842271410816,0.24575447678129025,True,False,False
f_spread_per_range,16,1518,1556,0.041415271348535336,-0.07338181682414692,0.11479708817268225,0.9927087588107935,0.32093149382942343,train,0.12746063279129843,0.45385462223563533,True,False,False
f_range_z,16,1712,1626,-0.02820253988299697,0.08114198000437921,-0.10934451988737617,-0.9742735768672596,0.32999281348047704,train,0.034075254146809564,0.13307282531996323,False,False,False
f_atr_ratio,4,2469,2534,0.04937857962044942,0.008480938074404464,0.04089764154604496,0.9720794135739156,0.33105845459857475,train,-0.16780235462861623,-1.0723298743080232,False,False,False
f_atr_ratio,48,472,450,0.3867356145969535,0.06184997981336424,0.32488563478358923,0.9682183719721872,0.3331917046827799,train,-0.5273201395493792,-0.4745665345236469,False,False,False
f_spread_stress,4,3035,3472,0.021097662115482828,-0.011109321148775721,0.03220698326425855,0.9152578315675879,0.36009122885498884,train,0.1136026750292177,0.9013981243859344,True,False,False
f_close_loc,4,5649,5662,0.004707235824945047,0.029905056980996457,-0.02519782115605141,-0.8931813965142508,0.3717790553856576,train,0.01566375118373784,0.23536569831021933,False,False,False
f_efficiency,4,5571,5617,0.00914363891435189,-0.015630412912739367,0.024774051827091255,0.8728463448389725,0.3827655729810271,train,-0.07340718545178077,-1.0699516372790545,False,False,False
f_vol_shift,48,462,478,0.3736231529741247,0.08611462403418851,0.28750852893993617,0.8672324622233535,0.38606989472387165,train,0.27318410955625927,0.2516970912235927,True,False,False
f_range_z,48,745,712,0.045887020780736976,0.29674248009580173,-0.25085545931506475,-0.7873162780993114,0.43122569280397854,train,0.10769632173363575,0.17522993799012634,False,False,False
f_wick_skew,16,2218,2228,-0.014688695878032803,0.056557244921046,-0.07124594079907881,-0.7631838300053441,0.4453943544960183,train,-0.1311281703923207,-0.7114565159873852,True,False,False
f_vol_shift,16,888,826,0.059771532446572254,0.16463231700987674,-0.10486078456330448,-0.7589014345215677,0.44803010656141073,train,-0.2791004887495541,-0.6129098973986041,True,False,False
f_spread_stress,16,1156,1320,0.09994665749486566,0.01686457990132999,0.08308207759353567,0.6990787362562486,0.4845694852841651,train,0.1612021023018445,0.4906485624400624,True,False,False
f_rsi,16,1170,1213,0.0068250660534298095,0.10222984783777657,-0.09540478178434676,-0.6809879113689654,0.49594556208569335,train,0.17373473715010723,0.6233794848440343,False,False,False
f_absorption,4,3785,3826,-0.008148437189016361,0.014024203026041555,-0.022172640215057916,-0.6467854279012267,0.5177906645003207,train,-0.03987668088106196,-0.4384267552231111,True,False,False
f_efficiency,16,2235,2248,0.03162244564627183,-0.02423708173336933,0.05585952737964116,0.5808595732758242,0.561364323704811,train,-0.14347115121778295,-0.904089552334725,False,False,False
f_close_loc,16,2252,2249,-0.02575639410587638,0.029337686020368885,-0.05509408012624527,-0.5806289538455868,0.5615197125797515,train,0.0525728633261664,0.325189430443692,False,False,False
f_impulse,48,726,592,0.14793874166674303,-0.01771696963690873,0.16565571130365175,0.5274562048731227,0.5979687770068725,train,-0.2786814293619909,-0.5240053434446507,False,False,False
f_vol_of_vol,16,780,951,0.00907039379536917,0.07908015522275987,-0.0700097614273907,-0.5006530581084909,0.6166844335594542,train,-0.26338580407292894,-0.6231210866274859,True,False,False
f_dir_eff24,4,3015,3733,-0.0050104075124848485,0.013375026335851707,-0.018385433848336557,-0.475073239439944,0.6347512604932244,train,-0.07030312178449201,-0.6690220323060952,True,False,False
f_tick_intensity,48,619,532,0.15589161904748056,0.0020148245132583903,0.15387679453422218,0.4722724743559513,0.636832730194031,train,-0.052114999731926015,-0.07144342248309654,False,False,False
f_ext_ema50,16,979,1005,0.050785278069199094,-0.017788705793950116,0.06857398386314921,0.46239315792877694,0.6438502108662019,train,0.4489828151173331,1.08581639258149,True,False,False
f_dir_eff6,48,802,841,0.16501761407728988,0.03031371861374063,0.13470389546354924,0.4446728268362345,0.6566148773228656,train,0.11232503036265362,0.18712126357910064,True,False,False
f_run_signed,16,1625,2253,0.0014431997362076197,0.04671380813991839,-0.04527060840371077,-0.428262494352193,0.6684863984018676,train,0.03286825090332168,0.12117794876533304,False,False,False
f_atr_ratio,16,842,856,0.12419777771505483,0.06075586731961504,0.06344191039543978,0.42317733357401893,0.6722200760710801,train,-0.5853929816490225,-1.2100346767568975,False,False,False
f_absorption,48,662,676,0.16816665901974787,0.03428760510257404,0.13387905391717383,0.416956394412011,0.6767803896756005,train,0.16532098908423232,0.2515990614073677,True,False,False
f_wick_skew,48,861,862,0.16568810984158258,0.040654684003510584,0.125033425838072,0.4122455225045724,0.6802108185588785,train,0.1590010357603684,0.2839879981919979,True,False,False
f_vol_shift,4,2529,2469,0.050404238231880644,0.0666754941907306,-0.016271255958849956,-0.41044124566819407,0.6815009388530524,train,-0.09066118116226073,-0.6167200767142693,True,False,False
f_dir_eff24,48,646,755,-0.03824255752340543,0.09756545055107578,-0.1358080080744812,-0.4003006024305509,0.6889993840102288,train,-0.0677674011522762,-0.12826530055887478,True,False,False
f_dir_eff24,16,1275,1636,0.00445741954231399,0.045548930300333176,-0.04109151075801919,-0.34692992394232275,0.7286707015750533,train,-0.27338926379130635,-1.0089513753526127,True,False,False
f_dir_eff6,16,1896,2122,0.0314185322899264,0.06498344171348285,-0.033564909423556444,-0.32401498123458167,0.7459439042337418,train,0.022510245695409437,0.09703770044872312,False,False,False
f_tick_intensity,16,1275,1168,0.04773816492837544,0.004802117413499197,0.042936047514876244,0.32120397677033197,0.7480865064537254,train,-0.2811438527350468,-1.0330073984232853,False,False,False
f_impulse,16,1584,1402,0.020347646971679744,-0.01709948667028036,0.037447133641960104,0.31444965487500987,0.7532027006118598,train,-0.24336287020146774,-1.0938860077388812,False,False,False
f_spread_stress,48,580,592,0.2379139317125534,0.14480421376272035,0.09310971794983305,0.299300460753874,0.7647641293364709,train,0.23464359559621883,0.3106137165676469,True,False,False
f_wick_skew,4,5552,5551,0.016492415338577985,0.008154098418420488,0.008338316920157497,0.29010983630815335,0.7717376330479572,train,0.010333256114364836,0.27702298033690237,True,False,False
f_close_loc,48,862,863,0.051706775710391395,-0.03082557227862432,0.08253234798901571,0.2819230815964676,0.7780363544711525,train,-0.11735633059312822,-0.18980977626776918,False,False,False
f_efficiency,48,861,863,0.09601915145417071,0.17967580985216103,-0.08365665839799032,-0.2801896453390138,0.7793658107960384,train,-0.3814928113198198,-0.8328963700964632,True,False,False
f_run_signed,48,753,863,0.03328067727509365,0.11501436656889912,-0.08173368929380546,-0.25974261212188415,0.7950956884697943,train,-0.14868301666358863,-0.24197447461784796,True,False,False
f_spread_per_range,48,668,690,0.04481403303826665,-0.026637642489229656,0.0714516755274963,0.22112842893714868,0.8250260902353598,train,0.15816592498725401,0.23005567204073232,True,False,False
f_dir_eff6,4,3994,4871,0.020256962065795695,0.013141775391333918,0.007115186674461777,0.21825064380564682,0.8272392022229259,train,0.021049908186487068,0.5175355165968464,True,False,False
f_impulse,4,3693,3459,-0.0031652201148473784,0.004135291332317578,-0.007300511447164957,-0.19579868300056227,0.8447745214391653,train,-0.09818801288024767,-0.9711497439224037,True,False,False
f_rsi,48,592,600,0.01302588633447307,0.05986330011107,-0.046837413776596934,-0.12324149683219085,0.9019366820498522,train,-0.0019016488910564844,-0.004092351734127009,True,False,False
f_run_signed,4,2854,5585,0.016354186367230395,0.013078129339817638,0.0032760570274127567,0.0940599472684945,0.9250647959074507,train,0.1229815239138843,1.0271587227968317,True,False,False
f_absorption,16,1478,1478,0.008928303915617197,-0.00235149783021273,0.011279801745829926,0.09279317298491951,0.9260742331521868,train,0.19014344379272238,0.6716354892219235,True,False,False
f_tick_intensity,4,3100,3069,0.026549414592636503,0.02456422368431727,0.0019851909083192336,0.0480204432780757,0.9617019149806024,train,-0.13199654166258223,-1.1787674771619703,False,False,False
f_vol_of_vol,4,2371,2572,-0.0021745445070866488,-0.0002411816822149721,-0.0019333628248716767,-0.04793321829522698,0.961771457370095,train,-0.11190307387548484,-0.7718670113474028,True,False,False
