tf,strategies,stop_atr,min_stop,hours,n,trades_per_day,avg_stop_usd,cost_pct_of_risk,E_R,win,t,R_per_year,maxDD_R,avg_hold_min
5min,pullback,1.5,3.0,07-20,758,4.46,3.7,21.8,-0.2141,0.322,-4.71,-98.1,168.5,198.0
5min,pullback,1.5,3.0,12-20,548,3.3,3.86,20.9,-0.1856,0.339,-3.56,-61.5,102.3,279.0
5min,pullback+sweep,1.5,3.0,07-20,955,5.62,3.72,21.6,-0.2445,0.299,-5.99,-141.1,250.9,165.0
5min,pullback+sweep,1.5,3.0,12-20,736,4.36,3.84,20.9,-0.3132,0.336,-2.17,-139.3,237.4,241.0
5min,pullback+sweep+fade,1.5,3.0,07-20,970,5.71,3.68,21.8,-0.2289,0.304,-5.6,-134.2,236.9,160.0
5min,pullback+sweep+fade,1.5,3.0,12-20,761,4.48,3.82,21.0,-0.2823,0.343,-2.02,-129.8,219.7,226.0
5min,pullback+sweep+fade+vwap,1.5,3.0,07-20,1172,6.89,3.68,21.9,-0.2074,0.299,-5.52,-146.9,264.8,130.0
5min,pullback+sweep+fade+vwap,1.5,3.0,12-20,940,5.53,3.92,20.5,-0.2281,0.34,-1.98,-129.6,221.0,167.0
5min,pullback,2.5,3.0,07-20,680,4.0,4.75,16.9,-0.1668,0.337,-3.57,-68.5,123.4,310.0
5min,pullback,2.5,3.0,12-20,490,2.95,5.38,14.9,-0.152,0.367,-2.87,-45.0,80.6,490.0
5min,pullback+sweep,2.5,3.0,07-20,857,5.04,4.85,16.6,-0.1863,0.316,-4.43,-96.5,180.7,265.0
5min,pullback+sweep,2.5,3.0,12-20,647,3.83,5.44,14.8,-0.1333,0.362,-2.85,-52.1,96.6,411.0
5min,pullback+sweep+fade,2.5,3.0,07-20,862,5.07,4.83,16.6,-0.231,0.3,-5.59,-120.3,211.7,251.0
5min,pullback+sweep+fade,2.5,3.0,12-20,662,3.89,5.42,14.8,-0.1397,0.355,-3.01,-55.9,100.7,399.0
5min,pullback+sweep+fade+vwap,2.5,3.0,07-20,966,5.68,4.87,16.5,-0.2077,0.301,-5.31,-121.2,211.6,246.0
5min,pullback+sweep+fade+vwap,2.5,3.0,12-20,761,4.48,5.52,14.6,-0.1349,0.338,-3.05,-62.1,107.1,337.0
5min,pullback,4.0,3.0,07-20,598,3.52,7.04,11.4,-0.0658,0.391,-1.37,-23.8,51.5,485.0
5min,pullback,4.0,3.0,12-20,432,2.6,8.18,9.8,-0.0912,0.417,-1.83,-23.8,48.8,697.0
5min,pullback+sweep,4.0,3.0,07-20,698,4.11,7.19,11.2,-0.1363,0.357,-3.11,-57.5,114.7,474.0
5min,pullback+sweep,4.0,3.0,12-20,549,3.25,8.31,9.7,-0.0015,0.443,-0.03,-0.5,26.4,638.0
5min,pullback+sweep+fade,4.0,3.0,07-20,712,4.19,7.21,11.2,-0.1448,0.354,-3.36,-62.3,123.2,463.0
5min,pullback+sweep+fade,4.0,3.0,12-20,554,3.26,8.29,9.7,0.0012,0.437,0.02,0.4,32.1,627.0
5min,pullback+sweep+fade+vwap,4.0,3.0,07-20,793,4.66,7.56,10.6,-0.083,0.375,-1.99,-39.8,75.7,454.0
5min,pullback+sweep+fade+vwap,4.0,3.0,12-20,630,3.71,8.43,9.5,-0.0276,0.419,-0.62,-10.5,38.3,576.0
5min,pullback,1.5,5.0,07-20,639,3.76,5.47,14.7,-0.0772,0.379,-1.52,-29.8,60.4,357.0
5min,pullback,1.5,5.0,12-20,487,2.93,5.51,14.6,-0.1012,0.392,-1.88,-29.8,59.5,470.0
5min,pullback+sweep,1.5,5.0,07-20,829,4.88,5.46,14.7,-0.1556,0.331,-3.51,-77.9,144.4,329.0
5min,pullback+sweep,1.5,5.0,12-20,641,3.79,5.46,14.7,-0.1161,0.371,-2.4,-45.0,83.4,391.0
5min,pullback+sweep+fade,1.5,5.0,07-20,806,4.74,5.45,14.8,-0.1864,0.319,-4.15,-90.8,163.6,323.0
5min,pullback+sweep+fade,1.5,5.0,12-20,656,3.86,5.44,14.8,-0.1153,0.364,-2.4,-45.7,83.7,383.0
5min,pullback+sweep+fade+vwap,1.5,5.0,07-20,973,5.72,5.5,14.6,-0.1555,0.316,-3.8,-91.4,159.4,303.0
5min,pullback+sweep+fade+vwap,1.5,5.0,12-20,787,4.63,5.51,14.6,-0.1092,0.339,-2.39,-51.9,103.8,343.0
5min,pullback,2.5,5.0,07-20,621,3.65,5.95,13.5,-0.0416,0.39,-0.83,-15.6,47.2,408.0
5min,pullback,2.5,5.0,12-20,467,2.81,6.2,13.0,-0.0688,0.405,-1.27,-19.4,44.0,559.0
5min,pullback+sweep,2.5,5.0,07-20,793,4.66,6.0,13.4,-0.1049,0.349,-2.37,-50.3,107.2,383.0
5min,pullback+sweep,2.5,5.0,12-20,612,3.62,6.24,12.9,-0.0567,0.395,-1.17,-21.0,49.8,470.0
5min,pullback+sweep+fade,2.5,5.0,07-20,780,4.59,6.0,13.4,-0.1449,0.333,-3.26,-68.3,130.9,377.0
5min,pullback+sweep+fade,2.5,5.0,12-20,628,3.69,6.21,13.0,-0.0632,0.385,-1.31,-24.0,53.9,462.0
5min,pullback+sweep+fade+vwap,2.5,5.0,07-20,903,5.31,6.12,13.1,-0.1287,0.328,-3.12,-70.2,122.0,378.0
5min,pullback+sweep+fade+vwap,2.5,5.0,12-20,719,4.23,6.33,12.7,-0.0843,0.357,-1.88,-36.6,79.6,433.0
5min,pullback,4.0,5.0,07-20,578,3.4,7.45,10.8,-0.0255,0.405,-0.52,-8.9,40.1,517.0
5min,pullback,4.0,5.0,12-20,427,2.57,8.39,9.6,-0.0602,0.429,-1.21,-15.5,37.2,718.0
5min,pullback+sweep,4.0,5.0,07-20,705,4.15,7.57,10.6,-0.0973,0.37,-2.22,-41.5,89.3,500.0
5min,pullback+sweep,4.0,5.0,12-20,537,3.18,8.52,9.4,0.0175,0.449,0.37,5.7,23.9,660.0
5min,pullback+sweep+fade,4.0,5.0,07-20,698,4.11,7.6,10.6,-0.1338,0.357,-3.07,-56.4,114.5,486.0
5min,pullback+sweep+fade,4.0,5.0,12-20,546,3.21,8.48,9.5,0.0113,0.438,0.24,3.7,29.6,648.0
5min,pullback+sweep+fade+vwap,4.0,5.0,07-20,783,4.61,7.96,10.1,-0.0997,0.361,-2.41,-47.2,86.4,489.0
5min,pullback+sweep+fade+vwap,4.0,5.0,12-20,622,3.66,8.67,9.3,-0.0187,0.421,-0.42,-7.0,34.7,609.0
5min,pullback,1.5,8.0,07-20,526,3.09,8.41,9.6,0.0384,0.449,0.78,12.2,34.1,612.0
5min,pullback,1.5,8.0,12-20,405,2.44,8.41,9.6,-0.0508,0.425,-0.98,-12.4,28.1,767.0
5min,pullback+sweep,1.5,8.0,07-20,653,3.84,8.37,9.6,-0.063,0.394,-1.43,-24.9,62.3,565.0
5min,pullback+sweep,1.5,8.0,12-20,509,3.01,8.37,9.6,0.013,0.432,0.26,4.0,30.8,691.0
5min,pullback+sweep+fade,1.5,8.0,07-20,652,3.84,8.39,9.6,-0.103,0.37,-2.36,-40.6,86.8,543.0
5min,pullback+sweep+fade,1.5,8.0,12-20,521,3.06,8.38,9.6,0.0307,0.432,0.62,9.7,30.2,675.0
5min,pullback+sweep+fade+vwap,1.5,8.0,07-20,726,4.27,8.4,9.6,-0.1306,0.36,-3.15,-57.3,104.2,516.0
5min,pullback+sweep+fade+vwap,1.5,8.0,12-20,592,3.48,8.42,9.6,-0.0156,0.407,-0.34,-5.6,47.9,603.0
5min,pullback,2.5,8.0,07-20,525,3.09,8.5,9.5,0.049,0.453,0.99,15.6,34.1,616.0
5min,pullback,2.5,8.0,12-20,404,2.43,8.56,9.4,-0.0458,0.428,-0.89,-11.2,28.1,773.0
5min,pullback+sweep,2.5,8.0,07-20,647,3.81,8.53,9.4,-0.0518,0.4,-1.18,-20.2,57.7,575.0
5min,pullback+sweep,2.5,8.0,12-20,504,2.98,8.59,9.4,0.02,0.438,0.4,6.1,29.0,704.0
5min,pullback+sweep+fade,2.5,8.0,07-20,653,3.84,8.57,9.4,-0.0938,0.375,-2.17,-37.0,83.9,548.0
5min,pullback+sweep+fade,2.5,8.0,12-20,516,3.04,8.59,9.4,0.0376,0.438,0.76,11.7,28.3,688.0
5min,pullback+sweep+fade+vwap,2.5,8.0,07-20,720,4.24,8.62,9.3,-0.112,0.367,-2.7,-48.7,90.1,536.0
5min,pullback+sweep+fade+vwap,2.5,8.0,12-20,589,3.46,8.63,9.3,-0.0075,0.409,-0.16,-2.7,45.0,619.0
5min,pullback,4.0,8.0,07-20,523,3.08,9.19,8.7,0.0396,0.453,0.83,12.5,31.6,651.0
5min,pullback,4.0,8.0,12-20,401,2.42,9.59,8.4,-0.0594,0.429,-1.22,-14.4,29.0,818.0
5min,pullback+sweep,4.0,8.0,07-20,634,3.73,9.33,8.6,-0.0479,0.412,-1.12,-18.3,51.9,631.0
5min,pullback+sweep,4.0,8.0,12-20,489,2.89,9.69,8.3,0.0507,0.464,1.07,15.0,17.3,781.0
5min,pullback+sweep+fade,4.0,8.0,07-20,635,3.74,9.41,8.5,-0.0956,0.387,-2.27,-36.7,77.6,604.0
5min,pullback+sweep+fade,4.0,8.0,12-20,495,2.91,9.66,8.3,0.0542,0.461,1.14,16.2,22.8,765.0
5min,pullback+sweep+fade+vwap,4.0,8.0,07-20,680,4.0,9.62,8.4,-0.0774,0.391,-1.88,-31.8,62.0,606.0
5min,pullback+sweep+fade+vwap,4.0,8.0,12-20,558,3.28,9.92,8.1,0.0185,0.43,0.41,6.2,34.6,715.0
5min,pullback,1.5,12.0,07-20,456,2.68,12.33,6.5,0.0109,0.469,0.25,3.0,20.9,741.0
5min,pullback,1.5,12.0,12-20,371,2.23,12.33,6.5,-0.0238,0.469,-0.54,-5.3,23.9,919.0
5min,pullback+sweep,1.5,12.0,07-20,536,3.15,12.3,6.5,-0.072,0.425,-1.69,-23.3,56.5,794.0
5min,pullback+sweep,1.5,12.0,12-20,422,2.5,12.3,6.5,0.0673,0.509,1.47,17.1,11.3,1019.0
5min,pullback+sweep+fade,1.5,12.0,07-20,551,3.24,12.34,6.5,-0.1144,0.39,-2.76,-38.1,80.8,777.0
5min,pullback+sweep+fade,1.5,12.0,12-20,426,2.51,12.29,6.5,0.0653,0.509,1.45,16.8,18.3,1040.0
5min,pullback+sweep+fade+vwap,1.5,12.0,07-20,608,3.58,12.39,6.5,-0.0764,0.41,-1.92,-28.1,53.4,758.0
5min,pullback+sweep+fade+vwap,1.5,12.0,12-20,463,2.72,12.36,6.5,-0.0018,0.438,-0.04,-0.5,30.2,969.0
5min,pullback,2.5,12.0,07-20,456,2.68,12.36,6.5,0.0137,0.471,0.31,3.8,20.9,742.0
5min,pullback,2.5,12.0,12-20,371,2.23,12.36,6.5,-0.0204,0.472,-0.46,-4.6,22.7,921.0
5min,pullback+sweep,2.5,12.0,07-20,536,3.15,12.35,6.5,-0.068,0.427,-1.6,-22.0,54.3,796.0
5min,pullback+sweep,2.5,12.0,12-20,422,2.5,12.36,6.5,0.0724,0.512,1.59,18.5,9.8,1023.0
5min,pullback+sweep+fade,2.5,12.0,07-20,551,3.24,12.38,6.5,-0.1105,0.392,-2.67,-36.8,78.5,779.0
5min,pullback+sweep+fade,2.5,12.0,12-20,426,2.51,12.35,6.5,0.0702,0.512,1.56,18.1,16.2,1043.0
5min,pullback+sweep+fade+vwap,2.5,12.0,07-20,604,3.55,12.43,6.5,-0.0761,0.409,-1.92,-27.8,52.9,764.0
5min,pullback+sweep+fade+vwap,2.5,12.0,12-20,459,2.7,12.42,6.5,-0.0008,0.438,-0.02,-0.2,30.2,978.0
5min,pullback,4.0,12.0,07-20,456,2.68,12.56,6.4,0.0125,0.474,0.29,3.4,20.9,765.0
5min,pullback,4.0,12.0,12-20,371,2.23,12.67,6.3,-0.0251,0.474,-0.58,-5.6,21.8,958.0
5min,pullback+sweep,4.0,12.0,07-20,532,3.13,12.66,6.3,-0.0669,0.432,-1.6,-21.5,49.5,824.0
5min,pullback+sweep,4.0,12.0,12-20,416,2.46,12.73,6.3,0.0765,0.522,1.71,19.2,9.8,1066.0
5min,pullback+sweep+fade,4.0,12.0,07-20,547,3.22,12.74,6.3,-0.1112,0.397,-2.73,-36.8,74.6,806.0
5min,pullback+sweep+fade,4.0,12.0,12-20,419,2.46,12.72,6.3,0.0769,0.523,1.74,19.5,14.1,1087.0
5min,pullback+sweep+fade+vwap,4.0,12.0,07-20,598,3.52,12.85,6.3,-0.0757,0.416,-1.94,-27.4,52.0,785.0
5min,pullback+sweep+fade+vwap,4.0,12.0,12-20,451,2.65,12.93,6.2,0.0094,0.452,0.22,2.6,27.1,1015.0
15min,pullback,1.5,3.0,07-20,374,2.6,4.59,17.5,-0.0872,0.366,-1.38,-19.7,40.0,235.0
15min,pullback,1.5,3.0,12-20,244,2.09,4.94,16.3,-0.0752,0.377,-0.98,-11.1,29.0,295.0
15min,pullback+sweep,1.5,3.0,07-20,584,3.56,4.59,17.5,-0.128,0.336,-2.47,-45.2,88.9,226.0
15min,pullback+sweep,1.5,3.0,12-20,367,2.45,5.04,15.9,-0.1388,0.332,-2.17,-30.8,57.0,299.0
15min,pullback+sweep+fade,1.5,3.0,07-20,619,3.71,4.64,17.3,-0.1125,0.344,-2.25,-42.1,84.6,242.0
15min,pullback+sweep+fade,1.5,3.0,12-20,406,2.64,5.05,15.9,-0.0938,0.355,-1.54,-23.0,44.2,316.0
15min,pullback+sweep+fade+vwap,1.5,3.0,07-20,749,4.43,4.83,16.6,-0.1091,0.339,-2.37,-49.5,94.3,287.0
15min,pullback+sweep+fade+vwap,1.5,3.0,12-20,574,3.5,5.19,15.5,-0.0842,0.354,-1.63,-29.2,55.4,361.0
15min,pullback,2.5,3.0,07-20,335,2.33,6.96,11.5,-0.0231,0.412,-0.36,-4.7,37.3,455.0
15min,pullback,2.5,3.0,12-20,224,1.91,7.84,10.3,-0.0658,0.424,-0.93,-8.9,25.4,610.0
15min,pullback+sweep,2.5,3.0,07-20,513,3.13,6.97,11.5,-0.0394,0.386,-0.75,-12.2,54.1,467.0
15min,pullback+sweep,2.5,3.0,12-20,333,2.22,8.09,9.9,-0.0626,0.408,-1.07,-12.6,27.6,683.0
15min,pullback+sweep+fade,2.5,3.0,07-20,548,3.28,7.04,11.4,-0.0288,0.392,-0.57,-9.5,41.6,477.0
15min,pullback+sweep+fade,2.5,3.0,12-20,367,2.38,8.06,10.0,-0.0184,0.431,-0.33,-4.1,17.9,684.0
15min,pullback+sweep+fade+vwap,2.5,3.0,07-20,642,3.8,7.38,10.9,-0.0142,0.4,-0.31,-5.5,39.8,515.0
15min,pullback+sweep+fade+vwap,2.5,3.0,12-20,472,2.88,8.28,9.7,0.0375,0.445,0.76,10.7,18.9,705.0
15min,pullback,4.0,3.0,07-20,290,2.01,10.7,7.5,-0.0064,0.455,-0.11,-1.1,31.8,700.0
15min,pullback,4.0,3.0,12-20,209,1.79,12.23,6.6,0.0129,0.493,0.21,1.6,13.6,890.0
15min,pullback+sweep,4.0,3.0,07-20,443,2.7,10.74,7.5,-0.0284,0.422,-0.58,-7.6,40.5,700.0
15min,pullback+sweep,4.0,3.0,12-20,301,2.01,12.54,6.4,-0.0117,0.455,-0.23,-2.1,19.0,928.0
15min,pullback+sweep+fade,4.0,3.0,07-20,468,2.8,10.78,7.5,-0.035,0.421,-0.74,-9.9,38.3,700.0
15min,pullback+sweep+fade,4.0,3.0,12-20,328,2.13,12.45,6.5,0.0172,0.473,0.36,3.4,15.0,911.0
15min,pullback+sweep+fade+vwap,4.0,3.0,07-20,536,3.17,11.32,7.1,-0.0215,0.435,-0.5,-7.0,36.3,761.0
15min,pullback+sweep+fade+vwap,4.0,3.0,12-20,400,2.44,12.81,6.3,0.0422,0.485,0.98,10.2,17.0,922.0
15min,pullback,1.5,5.0,07-20,344,2.39,5.75,14.0,-0.0298,0.398,-0.45,-6.2,34.6,345.0
15min,pullback,1.5,5.0,12-20,238,2.03,5.82,13.8,-0.0327,0.42,-0.44,-4.7,18.6,394.0
15min,pullback+sweep,1.5,5.0,07-20,525,3.2,5.79,13.9,-0.1039,0.349,-1.94,-33.0,74.8,340.0
15min,pullback+sweep,1.5,5.0,12-20,354,2.36,5.92,13.6,-0.0922,0.37,-1.47,-19.7,38.8,414.0
15min,pullback+sweep+fade,1.5,5.0,07-20,557,3.34,5.81,13.8,-0.099,0.355,-1.92,-33.3,72.3,353.0
15min,pullback+sweep+fade,1.5,5.0,12-20,391,2.54,5.92,13.6,-0.0548,0.391,-0.91,-13.0,30.9,428.0
15min,pullback+sweep+fade+vwap,1.5,5.0,07-20,682,4.04,5.95,13.5,-0.0696,0.359,-1.47,-28.7,72.9,412.0
15min,pullback+sweep+fade+vwap,1.5,5.0,12-20,530,3.23,6.03,13.3,-0.0278,0.392,-0.53,-8.9,36.3,464.0
15min,pullback,2.5,5.0,07-20,322,2.24,7.33,11.0,-0.0109,0.416,-0.17,-2.1,35.4,492.0
15min,pullback,2.5,5.0,12-20,223,1.91,7.93,10.1,-0.0411,0.435,-0.58,-5.6,21.6,615.0
15min,pullback+sweep,2.5,5.0,07-20,495,3.02,7.35,10.9,-0.047,0.38,-0.89,-14.1,55.8,501.0
15min,pullback+sweep,2.5,5.0,12-20,332,2.21,8.17,9.8,-0.0446,0.416,-0.76,-9.0,26.0,687.0
15min,pullback+sweep+fade,2.5,5.0,07-20,529,3.17,7.39,10.9,-0.035,0.388,-0.69,-11.2,43.8,509.0
15min,pullback+sweep+fade,2.5,5.0,12-20,366,2.38,8.13,9.9,-0.0109,0.434,-0.19,-2.4,18.2,690.0
15min,pullback+sweep+fade+vwap,2.5,5.0,07-20,621,3.67,7.71,10.4,-0.0206,0.395,-0.45,-7.7,44.1,545.0
15min,pullback+sweep+fade+vwap,2.5,5.0,12-20,468,2.85,8.38,9.6,0.0456,0.451,0.93,12.9,17.7,714.0
15min,pullback,4.0,5.0,07-20,291,2.02,10.75,7.5,-0.0074,0.454,-0.12,-1.3,31.8,723.0
15min,pullback,4.0,5.0,12-20,209,1.79,12.24,6.6,0.0124,0.493,0.21,1.6,13.6,890.0
15min,pullback+sweep,4.0,5.0,07-20,444,2.71,10.78,7.5,-0.0273,0.423,-0.56,-7.3,40.5,715.0
15min,pullback+sweep,4.0,5.0,12-20,301,2.01,12.55,6.4,-0.0121,0.455,-0.24,-2.2,19.0,928.0
15min,pullback+sweep+fade,4.0,5.0,07-20,469,2.81,10.81,7.4,-0.034,0.422,-0.72,-9.7,38.3,715.0
15min,pullback+sweep+fade,4.0,5.0,12-20,328,2.13,12.45,6.5,0.0169,0.473,0.35,3.3,15.0,911.0
15min,pullback+sweep+fade+vwap,4.0,5.0,07-20,537,3.18,11.35,7.1,-0.0206,0.436,-0.48,-6.7,36.3,774.0
15min,pullback+sweep+fade+vwap,4.0,5.0,12-20,400,2.44,12.82,6.3,0.042,0.485,0.98,10.1,17.1,922.0
15min,pullback,1.5,8.0,07-20,291,2.02,8.58,9.4,0.0,0.436,0.0,0.0,36.7,594.0
15min,pullback,1.5,8.0,12-20,212,1.81,8.6,9.4,-0.0169,0.458,-0.24,-2.2,17.6,716.0
15min,pullback+sweep,1.5,8.0,07-20,441,2.69,8.55,9.4,-0.0046,0.404,-0.08,-1.2,43.5,579.0
15min,pullback+sweep,1.5,8.0,12-20,310,2.07,8.62,9.3,-0.0318,0.413,-0.51,-6.0,20.9,733.0
15min,pullback+sweep+fade,1.5,8.0,07-20,468,2.8,8.57,9.4,-0.0079,0.41,-0.15,-2.2,38.3,589.0
15min,pullback+sweep+fade,1.5,8.0,12-20,340,2.21,8.61,9.3,0.0097,0.438,0.16,2.0,12.2,738.0
15min,pullback+sweep+fade+vwap,1.5,8.0,07-20,569,3.37,8.6,9.4,0.0058,0.418,0.12,2.0,44.1,610.0
15min,pullback+sweep+fade+vwap,1.5,8.0,12-20,445,2.71,8.57,9.4,0.0435,0.436,0.84,11.7,18.6,717.0
15min,pullback,2.5,8.0,07-20,291,2.02,9.01,8.9,-0.0026,0.436,-0.04,-0.5,36.0,613.0
15min,pullback,2.5,8.0,12-20,210,1.79,9.2,8.7,-0.0009,0.467,-0.01,-0.1,15.7,740.0
15min,pullback+sweep,2.5,8.0,07-20,439,2.68,9.07,8.9,-0.0028,0.415,-0.05,-0.7,41.2,613.0
15min,pullback+sweep,2.5,8.0,12-20,309,2.06,9.36,8.6,-0.0195,0.43,-0.33,-3.6,18.7,783.0
15min,pullback+sweep+fade,2.5,8.0,07-20,466,2.79,9.1,8.8,-0.0008,0.423,-0.02,-0.2,35.9,623.0
15min,pullback+sweep+fade,2.5,8.0,12-20,338,2.19,9.36,8.6,0.0202,0.456,0.36,4.1,13.3,787.0
15min,pullback+sweep+fade+vwap,2.5,8.0,07-20,556,3.29,9.35,8.6,0.0091,0.433,0.2,3.1,41.6,651.0
15min,pullback+sweep+fade+vwap,2.5,8.0,12-20,435,2.65,9.51,8.5,0.0668,0.462,1.36,17.6,14.3,787.0
15min,pullback,4.0,8.0,07-20,283,1.97,11.26,7.1,-0.0145,0.459,-0.24,-2.5,31.6,720.0
15min,pullback,4.0,8.0,12-20,206,1.76,12.4,6.5,0.0241,0.495,0.4,3.0,13.6,904.0
15min,pullback+sweep,4.0,8.0,07-20,426,2.6,11.33,7.1,-0.0235,0.432,-0.49,-6.1,36.6,732.0
15min,pullback+sweep,4.0,8.0,12-20,296,1.97,12.71,6.3,-0.0039,0.456,-0.08,-0.7,18.3,944.0
15min,pullback+sweep+fade,4.0,8.0,07-20,450,2.69,11.37,7.1,-0.0236,0.431,-0.5,-6.4,32.1,736.0
15min,pullback+sweep+fade,4.0,8.0,12-20,321,2.08,12.68,6.3,0.0307,0.477,0.63,6.0,12.0,939.0
15min,pullback+sweep+fade+vwap,4.0,8.0,07-20,520,3.08,11.93,6.7,-0.0182,0.45,-0.43,-5.7,36.1,781.0
15min,pullback+sweep+fade+vwap,4.0,8.0,12-20,391,2.38,13.0,6.2,0.051,0.486,1.17,12.0,12.9,941.0
15min,pullback,1.5,12.0,07-20,274,1.9,12.55,6.4,0.0129,0.485,0.23,2.1,22.7,785.0
15min,pullback,1.5,12.0,12-20,204,1.74,12.56,6.4,0.0491,0.525,0.84,6.1,9.1,935.0
15min,pullback+sweep,1.5,12.0,07-20,384,2.34,12.48,6.4,-0.0144,0.448,-0.3,-3.3,28.9,809.0
15min,pullback+sweep,1.5,12.0,12-20,285,1.9,12.56,6.4,0.0376,0.474,0.73,6.5,9.9,982.0
15min,pullback+sweep+fade,1.5,12.0,07-20,406,2.43,12.5,6.4,-0.042,0.431,-0.9,-10.3,32.7,807.0
15min,pullback+sweep+fade,1.5,12.0,12-20,309,2.01,12.54,6.4,0.0553,0.482,1.12,10.3,10.0,973.0
15min,pullback+sweep+fade+vwap,1.5,12.0,07-20,477,2.82,12.48,6.4,-0.0274,0.434,-0.66,-7.9,36.6,858.0
15min,pullback+sweep+fade+vwap,1.5,12.0,12-20,381,2.32,12.5,6.4,0.1008,0.486,2.24,23.3,12.3,998.0
15min,pullback,2.5,12.0,07-20,274,1.9,12.63,6.4,0.0129,0.485,0.23,2.1,22.7,785.0
15min,pullback,2.5,12.0,12-20,204,1.74,12.66,6.4,0.0494,0.525,0.85,6.1,9.1,935.0
15min,pullback+sweep,2.5,12.0,07-20,384,2.34,12.61,6.4,-0.0118,0.451,-0.25,-2.8,28.9,819.0
15min,pullback+sweep,2.5,12.0,12-20,285,1.9,12.75,6.3,0.0411,0.477,0.81,7.1,9.9,996.0
15min,pullback+sweep+fade,2.5,12.0,07-20,405,2.43,12.65,6.4,-0.0372,0.435,-0.81,-9.1,32.7,818.0
15min,pullback+sweep+fade,2.5,12.0,12-20,308,2.0,12.73,6.3,0.0619,0.487,1.27,11.5,10.0,990.0
15min,pullback+sweep+fade+vwap,2.5,12.0,07-20,474,2.8,12.73,6.3,-0.0269,0.437,-0.65,-7.7,36.6,867.0
15min,pullback+sweep+fade+vwap,2.5,12.0,12-20,378,2.3,12.77,6.3,0.1017,0.489,2.28,23.3,12.3,1009.0
15min,pullback,4.0,12.0,07-20,272,1.89,13.34,6.0,0.0106,0.493,0.19,1.7,21.3,812.0
15min,pullback,4.0,12.0,12-20,204,1.74,13.81,5.8,0.0471,0.525,0.84,5.8,8.7,958.0
15min,pullback+sweep,4.0,12.0,07-20,379,2.31,13.46,6.0,-0.0253,0.454,-0.55,-5.8,29.3,827.0
15min,pullback+sweep,4.0,12.0,12-20,282,1.88,14.08,5.7,0.0401,0.482,0.83,6.8,10.1,1023.0
15min,pullback+sweep+fade,4.0,12.0,07-20,399,2.39,13.54,5.9,-0.0478,0.439,-1.08,-11.5,32.7,826.0
15min,pullback+sweep+fade,4.0,12.0,12-20,304,1.97,14.1,5.7,0.0634,0.493,1.35,11.7,10.2,1016.0
15min,pullback+sweep+fade+vwap,4.0,12.0,07-20,463,2.74,14.03,5.7,-0.0352,0.454,-0.89,-9.9,36.7,883.0
15min,pullback+sweep+fade+vwap,4.0,12.0,12-20,367,2.24,14.47,5.6,0.0892,0.499,2.11,19.8,12.8,1045.0
30min,pullback,1.5,3.0,07-20,233,2.1,5.75,14.0,0.0485,0.438,0.61,6.9,23.7,375.0
30min,pullback,1.5,3.0,12-20,164,1.78,6.24,12.9,0.0421,0.457,0.47,4.2,11.7,494.0
30min,pullback+sweep,1.5,3.0,07-20,365,2.52,5.73,14.0,0.0261,0.425,0.41,5.8,23.8,378.0
30min,pullback+sweep,1.5,3.0,12-20,251,1.98,6.31,12.7,0.031,0.45,0.42,4.8,16.5,510.0
30min,pullback+sweep+fade,1.5,3.0,07-20,387,2.65,5.76,14.0,0.0581,0.434,0.91,13.6,16.1,385.0
30min,pullback+sweep+fade,1.5,3.0,12-20,267,2.05,6.34,12.7,0.0524,0.453,0.72,8.6,12.5,519.0
30min,pullback+sweep+fade+vwap,1.5,3.0,07-20,450,2.98,5.96,13.5,0.018,0.416,0.32,4.9,25.8,460.0
30min,pullback+sweep+fade+vwap,1.5,3.0,12-20,333,2.38,6.5,12.4,0.0009,0.423,0.01,0.2,19.4,597.0
30min,pullback,2.5,3.0,07-20,212,1.91,9.25,8.7,-0.0,0.448,-0.0,-0.0,26.9,644.0
30min,pullback,2.5,3.0,12-20,156,1.7,10.17,7.9,0.0098,0.474,0.13,0.9,15.6,775.0
30min,pullback+sweep,2.5,3.0,07-20,328,2.26,9.28,8.7,-0.0408,0.424,-0.69,-8.1,24.5,661.0
30min,pullback+sweep,2.5,3.0,12-20,230,1.81,10.35,7.8,0.0201,0.478,0.32,2.8,16.0,828.0
30min,pullback+sweep+fade,2.5,3.0,07-20,347,2.38,9.29,8.7,-0.007,0.432,-0.11,-1.5,22.8,789.0
30min,pullback+sweep+fade,2.5,3.0,12-20,244,1.88,10.38,7.7,0.0604,0.488,0.87,9.0,15.4,1011.0
30min,pullback+sweep+fade+vwap,2.5,3.0,07-20,402,2.66,9.62,8.4,-0.0291,0.415,-0.52,-7.1,22.3,847.0
30min,pullback+sweep+fade+vwap,2.5,3.0,12-20,297,2.12,10.61,7.6,0.029,0.461,0.49,5.3,15.5,1048.0
30min,pullback,4.0,3.0,07-20,191,1.72,14.42,5.6,-0.0165,0.503,-0.26,-1.9,18.8,1169.0
30min,pullback,4.0,3.0,12-20,146,1.59,16.02,5.0,-0.0094,0.521,-0.15,-0.8,9.0,1442.0
30min,pullback+sweep,4.0,3.0,07-20,289,1.99,14.42,5.6,-0.0462,0.467,-0.9,-8.1,18.9,1061.0
30min,pullback+sweep,4.0,3.0,12-20,211,1.66,16.2,5.0,-0.0005,0.507,-0.01,-0.1,12.8,1326.0
30min,pullback+sweep+fade,4.0,3.0,07-20,303,2.08,14.44,5.6,-0.0133,0.472,-0.26,-2.4,18.4,1051.0
30min,pullback+sweep+fade,4.0,3.0,12-20,222,1.71,16.26,4.9,0.0266,0.514,0.48,3.6,12.6,1513.0
30min,pullback+sweep+fade+vwap,4.0,3.0,07-20,342,2.26,14.98,5.4,-0.0087,0.459,-0.19,-1.8,17.9,1087.0
30min,pullback+sweep+fade+vwap,4.0,3.0,12-20,264,1.89,16.72,4.8,0.0167,0.492,0.34,2.7,14.2,1489.0
30min,pullback,1.5,5.0,07-20,228,2.05,6.27,12.8,0.0286,0.434,0.36,3.9,27.4,419.0
30min,pullback,1.5,5.0,12-20,162,1.76,6.56,12.3,0.0323,0.463,0.37,3.2,15.6,539.0
30min,pullback+sweep,1.5,5.0,07-20,350,2.41,6.29,12.8,-0.0272,0.409,-0.43,-5.8,28.8,411.0
30min,pullback+sweep,1.5,5.0,12-20,244,1.92,6.64,12.1,0.0124,0.451,0.17,1.8,21.3,546.0
30min,pullback+sweep+fade,1.5,5.0,07-20,372,2.55,6.31,12.7,0.0015,0.417,0.02,0.3,22.3,418.0
30min,pullback+sweep+fade,1.5,5.0,12-20,260,2.0,6.67,12.1,0.0347,0.454,0.48,5.5,15.6,552.0
30min,pullback+sweep+fade+vwap,1.5,5.0,07-20,432,2.86,6.48,12.4,-0.0333,0.4,-0.58,-8.7,35.3,489.0
30min,pullback+sweep+fade+vwap,1.5,5.0,12-20,323,2.31,6.82,11.8,-0.016,0.424,-0.25,-3.1,21.3,625.0
30min,pullback,2.5,5.0,07-20,212,1.91,9.28,8.7,-0.0077,0.448,-0.11,-1.0,26.9,646.0
30min,pullback,2.5,5.0,12-20,155,1.68,10.21,7.9,0.0125,0.477,0.17,1.2,15.7,780.0
30min,pullback+sweep,2.5,5.0,07-20,328,2.26,9.32,8.6,-0.0457,0.424,-0.78,-9.1,24.6,663.0
30min,pullback+sweep,2.5,5.0,12-20,229,1.8,10.38,7.7,0.0215,0.48,0.35,3.0,16.1,831.0
30min,pullback+sweep+fade,2.5,5.0,07-20,347,2.38,9.33,8.6,-0.0116,0.432,-0.19,-2.4,22.9,791.0
30min,pullback+sweep+fade,2.5,5.0,12-20,243,1.87,10.4,7.7,0.0618,0.49,0.89,9.2,15.4,1015.0
30min,pullback+sweep+fade+vwap,2.5,5.0,07-20,400,2.65,9.66,8.3,-0.0325,0.418,-0.58,-7.9,22.5,849.0
30min,pullback+sweep+fade+vwap,2.5,5.0,12-20,296,2.11,10.64,7.6,0.0301,0.463,0.51,5.4,15.5,1052.0
30min,pullback,4.0,5.0,07-20,191,1.72,14.42,5.6,-0.0165,0.503,-0.26,-1.9,18.8,1169.0
30min,pullback,4.0,5.0,12-20,146,1.59,16.02,5.0,-0.0094,0.521,-0.15,-0.8,9.0,1442.0
30min,pullback+sweep,4.0,5.0,07-20,289,1.99,14.42,5.6,-0.0462,0.467,-0.9,-8.1,18.9,1061.0
30min,pullback+sweep,4.0,5.0,12-20,211,1.66,16.2,5.0,-0.0005,0.507,-0.01,-0.1,12.8,1326.0
30min,pullback+sweep+fade,4.0,5.0,07-20,303,2.08,14.44,5.6,-0.0133,0.472,-0.26,-2.4,18.4,1051.0
30min,pullback+sweep+fade,4.0,5.0,12-20,222,1.71,16.26,4.9,0.0266,0.514,0.48,3.6,12.6,1513.0
30min,pullback+sweep+fade+vwap,4.0,5.0,07-20,342,2.26,14.98,5.4,-0.0087,0.459,-0.19,-1.8,17.9,1087.0
30min,pullback+sweep+fade+vwap,4.0,5.0,12-20,264,1.89,16.72,4.8,0.0167,0.492,0.34,2.7,14.2,1489.0
30min,pullback,1.5,8.0,07-20,205,1.85,8.53,9.4,0.0314,0.459,0.4,3.9,23.1,595.0
30min,pullback,1.5,8.0,12-20,153,1.66,8.59,9.4,0.0564,0.484,0.68,5.3,13.2,758.0
30min,pullback+sweep,1.5,8.0,07-20,321,2.21,8.53,9.4,-0.0212,0.43,-0.33,-4.1,21.5,563.0
30min,pullback+sweep,1.5,8.0,12-20,230,1.81,8.61,9.3,0.0405,0.47,0.57,5.7,18.0,714.0
30min,pullback+sweep+fade,1.5,8.0,07-20,342,2.34,8.53,9.4,0.0075,0.439,0.12,1.6,16.1,566.0
30min,pullback+sweep+fade,1.5,8.0,12-20,246,1.89,8.6,9.3,0.0774,0.48,1.09,11.6,14.5,716.0
30min,pullback+sweep+fade+vwap,1.5,8.0,07-20,393,2.6,8.64,9.3,-0.0261,0.42,-0.46,-6.2,18.2,638.0
30min,pullback+sweep+fade+vwap,1.5,8.0,12-20,299,2.14,8.75,9.2,0.0257,0.452,0.42,4.7,13.1,798.0
30min,pullback,2.5,8.0,07-20,203,1.83,10.07,8.0,0.0024,0.463,0.03,0.3,22.5,691.0
30min,pullback,2.5,8.0,12-20,152,1.65,10.68,7.5,0.0143,0.487,0.19,1.3,12.5,855.0
30min,pullback+sweep,2.5,8.0,07-20,314,2.17,10.12,7.9,-0.0376,0.439,-0.64,-7.1,18.9,704.0
30min,pullback+sweep,2.5,8.0,12-20,224,1.76,10.82,7.4,0.0289,0.491,0.47,4.0,14.4,879.0
30min,pullback+sweep+fade,2.5,8.0,07-20,332,2.27,10.13,7.9,-0.0074,0.446,-0.12,-1.5,17.5,836.0
30min,pullback+sweep+fade,2.5,8.0,12-20,237,1.82,10.85,7.4,0.0684,0.498,0.98,9.9,14.1,1065.0
30min,pullback+sweep+fade+vwap,2.5,8.0,07-20,383,2.54,10.39,7.7,-0.0312,0.428,-0.56,-7.2,21.4,885.0
30min,pullback+sweep+fade+vwap,2.5,8.0,12-20,289,2.06,11.05,7.3,0.036,0.471,0.61,6.3,12.5,1095.0
30min,pullback,4.0,8.0,07-20,191,1.72,14.48,5.6,-0.0193,0.503,-0.31,-2.2,18.8,1171.0
30min,pullback,4.0,8.0,12-20,146,1.59,16.04,5.0,-0.0101,0.521,-0.16,-0.9,9.0,1442.0
30min,pullback+sweep,4.0,8.0,07-20,289,1.99,14.5,5.5,-0.0432,0.471,-0.84,-7.6,17.4,1065.0
30min,pullback+sweep,4.0,8.0,12-20,211,1.66,16.21,5.0,-0.001,0.507,-0.02,-0.1,12.8,1326.0
30min,pullback+sweep+fade,4.0,8.0,07-20,303,2.08,14.51,5.5,-0.0104,0.475,-0.2,-1.9,16.9,1055.0
30min,pullback+sweep+fade,4.0,8.0,12-20,222,1.71,16.28,4.9,0.0261,0.514,0.47,3.5,12.6,1513.0
30min,pullback+sweep+fade+vwap,4.0,8.0,07-20,342,2.26,15.05,5.3,-0.0062,0.462,-0.13,-1.3,16.4,1091.0
30min,pullback+sweep+fade+vwap,4.0,8.0,12-20,264,1.89,16.73,4.8,0.0163,0.492,0.34,2.6,14.2,1489.0
30min,pullback,1.5,12.0,07-20,189,1.7,12.36,6.5,0.0031,0.519,0.05,0.4,18.4,864.0
30min,pullback,1.5,12.0,12-20,146,1.59,12.38,6.5,0.0437,0.527,0.67,3.9,10.2,1010.0
30min,pullback+sweep,1.5,12.0,07-20,288,1.99,12.36,6.5,-0.0352,0.479,-0.68,-6.1,18.6,855.0
30min,pullback+sweep,1.5,12.0,12-20,215,1.69,12.34,6.5,0.035,0.507,0.63,4.6,11.5,1005.0
30min,pullback+sweep+fade,1.5,12.0,07-20,304,2.08,12.37,6.5,-0.0198,0.48,-0.36,-3.6,17.8,1010.0
30min,pullback+sweep+fade,1.5,12.0,12-20,230,1.77,12.34,6.5,0.0644,0.509,1.04,9.1,11.3,1197.0
30min,pullback+sweep+fade+vwap,1.5,12.0,07-20,348,2.3,12.42,6.5,-0.0349,0.451,-0.69,-7.3,25.5,1021.0
30min,pullback+sweep+fade+vwap,1.5,12.0,12-20,276,1.97,12.43,6.5,0.0382,0.478,0.71,6.4,13.3,1188.0
30min,pullback,2.5,12.0,07-20,189,1.7,12.83,6.3,0.0004,0.519,0.01,0.0,18.4,884.0
30min,pullback,2.5,12.0,12-20,146,1.59,12.98,6.2,0.0388,0.527,0.61,3.5,10.2,1036.0
30min,pullback+sweep,2.5,12.0,07-20,288,1.99,12.92,6.2,-0.0273,0.486,-0.54,-4.8,16.7,894.0
30min,pullback+sweep,2.5,12.0,12-20,215,1.69,13.09,6.1,0.0443,0.516,0.83,5.8,11.5,1056.0
30min,pullback+sweep+fade,2.5,12.0,07-20,302,2.07,12.93,6.2,-0.0122,0.49,-0.22,-2.2,17.0,1043.0
30min,pullback+sweep+fade,2.5,12.0,12-20,228,1.75,13.09,6.1,0.0732,0.522,1.23,10.2,11.3,1242.0
30min,pullback+sweep+fade+vwap,2.5,12.0,07-20,346,2.29,13.12,6.1,-0.0255,0.46,-0.52,-5.3,21.3,1060.0
30min,pullback+sweep+fade+vwap,2.5,12.0,12-20,274,1.96,13.28,6.1,0.0476,0.489,0.92,8.0,12.5,1239.0
30min,pullback,4.0,12.0,07-20,187,1.68,15.37,5.2,-0.0049,0.524,-0.08,-0.6,14.7,1226.0
30min,pullback,4.0,12.0,12-20,146,1.59,16.51,4.9,0.0088,0.534,0.15,0.8,7.5,1472.0
30min,pullback+sweep,4.0,12.0,07-20,282,1.94,15.4,5.2,-0.0367,0.486,-0.75,-6.3,19.0,1114.0
30min,pullback+sweep,4.0,12.0,12-20,211,1.66,16.64,4.8,0.0104,0.517,0.21,1.3,11.3,1347.0
30min,pullback+sweep+fade,4.0,12.0,07-20,295,2.02,15.4,5.2,-0.0126,0.488,-0.26,-2.3,16.0,1104.0
30min,pullback+sweep+fade,4.0,12.0,12-20,222,1.71,16.7,4.8,0.0368,0.523,0.68,5.0,11.1,1534.0
30min,pullback+sweep+fade+vwap,4.0,12.0,07-20,334,2.21,15.89,5.1,-0.0093,0.47,-0.21,-1.9,16.1,1128.0
30min,pullback+sweep+fade+vwap,4.0,12.0,12-20,264,1.89,17.1,4.7,0.0249,0.5,0.52,4.0,13.2,1506.0
