signal_ts,entry_ts,exit_ts,side,tag,entry_px,stop_px,target_px,exit_px,risk_px,qty,pnl,r,reason,hold_min,mfe_r,entry_dt,exit_dt,fold
1665518400000,1665519300000,1666563300000,-1,PULLBACK,1666.1515,1697.888417682056,-1434.9533505235377,1660.1007235760746,31.736917682055946,3.1509046027031165,19.06541928407373,0.1906541928407373,ladder_lock_0.19R,17400,1.52481726438612,2022-10-11 20:15:00+00:00,2022-10-23 22:15:00+00:00,2022-10-04 00:00:00+00:00
1665676800000,1665677700000,1666563300000,-1,PULLBACK,1665.4805000000001,1698.0216673125349,-1528.1450639409557,1661.3450564167133,32.54116731253475,3.0730305105398084,12.708344306056455,0.12708344306056454,ladder_lock_0.13R,14760,1.4665116202398139,2022-10-13 16:15:00+00:00,2022-10-23 22:15:00+00:00,2022-10-04 00:00:00+00:00
1666036800000,1666037700000,1666386000000,-1,PULLBACK,1647.621,1678.4630023604584,-1363.8372336853886,1658.8935031472781,30.84200236045831,3.2423316369434976,-36.5491935819647,-0.365491935819647,stop,5805,0.9682412850822578,2022-10-17 20:15:00+00:00,2022-10-21 21:00:00+00:00,2022-10-04 00:00:00+00:00
1666094400000,1666095300000,1666379700000,-1,PULLBACK,1652.596,1680.8748403638342,-1112.609196019585,1655.5759538184457,28.278840363834206,3.536212896759725,-10.53775112453595,-0.10537751124535949,stop,4740,1.2319281679086724,2022-10-18 12:15:00+00:00,2022-10-21 19:15:00+00:00,2022-10-04 00:00:00+00:00
1666108800000,1666109700000,1666380600000,-1,PULLBACK,1649.3399999999997,1678.243173194989,-1162.5741463039021,1656.2070642599854,28.903173194989222,3.4598277263666133,-23.75885932543969,-0.2375885932543969,stop,4515,1.0926654934024642,2022-10-18 16:15:00+00:00,2022-10-21 19:30:00+00:00,2022-10-04 00:00:00+00:00
1666296000000,1666296900000,1666379700000,-1,PULLBACK,1626.5009999999997,1655.284082425237,-1174.1241600984738,1655.334082425237,28.783082425237353,3.4742630592030963,-100.17371315296,-1.0017371315296,stop,1380,0.303737447950825,2022-10-20 20:15:00+00:00,2022-10-21 19:15:00+00:00,2022-10-04 00:00:00+00:00
1667419200000,1667420100000,1667565900000,-1,PULLBACK,1636.4560000000001,1666.2354565046123,-1261.31019395662,1656.0384420061498,29.7794565046122,3.3580196463462033,-65.75822498008577,-0.6575822498008577,stop,2430,0.6500118629432337,2022-11-02 20:15:00+00:00,2022-11-04 12:45:00+00:00,2022-10-04 00:00:00+00:00
1669406400000,1669590900000,1670253300000,1,PULLBACK,1758.1060000000002,1734.0109765911795,3798.9133174732187,1781.4974687882393,24.09502340882068,4.15023460667783,97.08008326597415,0.9708008326597415,ladder_lock_0.97R,11040,2.1344241558683352,2022-11-27 23:15:00+00:00,2022-12-05 15:15:00+00:00,2022-10-04 00:00:00+00:00
1669636800000,1669637700000,1670253300000,1,PULLBACK,1759.154,1736.7418930112633,3934.052591884957,1779.7320240150173,22.412106988736696,4.461874113409125,91.81655265771683,0.9181655265771682,ladder_lock_0.92R,10260,2.247936797076655,2022-11-28 12:15:00+00:00,2022-12-05 15:15:00+00:00,2022-10-04 00:00:00+00:00
1669780800000,1669781700000,1670253300000,1,PULLBACK,1755.2685,1732.9509866990547,3914.3523167935646,1779.9441489320732,22.317513300945166,4.4807859483056705,110.56630100015774,1.1056630100015774,ladder_lock_1.11R,7860,2.4315657066373046,2022-11-30 04:15:00+00:00,2022-12-05 15:15:00+00:00,2022-10-04 00:00:00+00:00
1669838400000,1669839300000,1670253300000,1,PULLBACK,1768.4039999999998,1741.3206504610503,4403.255604356019,1773.537033948067,27.083349538949506,3.6923054829753066,18.952729390746622,0.18952729390746623,ladder_lock_0.19R,6900,1.5186821682025848,2022-11-30 20:15:00+00:00,2022-12-05 15:15:00+00:00,2022-10-04 00:00:00+00:00
1670443200000,1670444100000,1671092100000,1,PULLBACK,1790.3990000000003,1761.6101537558313,4592.644778172709,1784.1843716744415,28.788846244169008,3.4735674765102593,-21.58693083026048,-0.2158693083026048,stop,10800,1.1736316111258929,2022-12-07 20:15:00+00:00,2022-12-15 08:15:00+00:00,2022-10-04 00:00:00+00:00
1670832000000,1670832900000,1671079500000,1,PULLBACK,1791.675,1767.5063579388811,4149.870564050762,1790.1666439185083,24.168642061118817,4.137592825741522,-6.240963301443585,-0.06240963301443585,stop,4110,1.3451934915409576,2022-12-12 08:15:00+00:00,2022-12-15 04:45:00+00:00,2022-10-04 00:00:00+00:00
1670846400000,1670847300000,1671079500000,1,PULLBACK,1794.904,1770.9301895146755,4122.411238047137,1790.5784193529005,23.97381048532452,4.171218424422544,-18.04294169150708,-0.1804294169150708,stop,3870,1.2214370351315325,2022-12-12 12:15:00+00:00,2022-12-15 04:45:00+00:00,2022-10-04 00:00:00+00:00
1670947200000,1670948100000,1671092100000,1,PULLBACK,1810.2805,1781.1381961514658,4651.668581004887,1781.0881961514658,29.14230384853431,3.4314376968871465,-100.1715718848442,-1.001715718848442,stop,2400,0.15839516408831017,2022-12-13 16:15:00+00:00,2022-12-15 08:15:00+00:00,2022-10-04 00:00:00+00:00
1671523200000,1671524100000,1671732900000,1,PULLBACK,1794.5269999999998,1770.960809715184,4094.3798381967877,1790.6910796202453,23.566190284815775,4.243367247375247,-16.277218902989453,-0.16277218902989454,stop,3480,1.2296429609444115,2022-12-20 08:15:00+00:00,2022-12-22 18:15:00+00:00,2022-10-04 00:00:00+00:00
1672156800000,1672157700000,1672243200000,1,PULLBACK,1825.0550000000003,1798.110454404821,4453.565013922727,1798.060454404821,26.944545595179306,3.7113262736889934,-100.18556631368428,-1.0018556631368427,stop,1425,0.038727689665936,2022-12-27 16:15:00+00:00,2022-12-28 16:00:00+00:00,2022-10-04 00:00:00+00:00
1672286400000,1672287300000,1672932600000,1,PULLBACK,1808.127,1782.8597925097033,4268.280541539361,1830.6925566796046,25.26720749029664,3.9576989280830883,89.30767948246968,0.8930767948246968,ladder_lock_0.90R,10755,2.2461128726549924,2022-12-29 04:15:00+00:00,2023-01-05 15:30:00+00:00,2022-10-04 00:00:00+00:00
1672315200000,1672316100000,1672928100000,1,PULLBACK,1807.1215,1782.6144511945913,4194.669331735479,1831.670768259455,24.507048805408658,4.080458679216005,100.17227473769493,1.0017227473769494,ladder_lock_1.00R,10200,2.356811726234973,2022-12-29 12:15:00+00:00,2023-01-05 14:15:00+00:00,2022-10-04 00:00:00+00:00
1672329600000,1672330500000,1672932600000,1,PULLBACK,1814.044,1788.4918475378345,4304.7070937543795,1830.2819633837794,25.552152462165623,3.9135646262312846,63.54831910079748,0.6354831910079748,ladder_lock_0.64R,10035,1.9894997133909273,2022-12-29 16:15:00+00:00,2023-01-05 15:30:00+00:00,2022-10-04 00:00:00+00:00
1673020800000,1673021700000,1674232200000,1,PULLBACK,1862.7399999999998,1829.6247558964142,5105.499166254991,1924.893,33.11524410358561,3.0197572962831436,187.68697523588696,1.8768697523588695,timeout,20175,2.2506251129198263,2023-01-06 16:15:00+00:00,2023-01-20 16:30:00+00:00,2023-01-04 00:00:00+00:00
1673467200000,1673468100000,1674678600000,1,PULLBACK,1878.1349999999998,1852.15617612403,4413.538563721031,1943.6885,25.978823875969738,3.8492889623267135,252.33436399188503,2.5233436399188505,timeout,20175,2.680067440019983,2023-01-11 20:15:00+00:00,2023-01-25 20:30:00+00:00,2023-01-04 00:00:00+00:00
1673539200000,1673540100000,1674750600000,1,PULLBACK,1889.2835,1861.195812316147,4634.96458070144,1925.35,28.08768768385289,3.560278835537188,128.40679662190166,1.2840679662190166,timeout,20175,2.124952422990369,2023-01-12 16:15:00+00:00,2023-01-26 16:30:00+00:00,2023-01-04 00:00:00+00:00
1673956800000,1673957700000,1675168200000,1,PULLBACK,1913.155,1887.0602886126799,4462.381427344697,1902.568,26.094711387320103,3.832194137567347,-40.57143933442546,-0.40571439334425463,timeout,20175,1.372442847457681,2023-01-17 12:15:00+00:00,2023-01-31 12:30:00+00:00,2023-01-04 00:00:00+00:00
1674000000000,1674000900000,1675211400000,1,PULLBACK,1909.0735,1883.7188318447731,4383.985647367458,1926.8135000000002,25.35466815522682,3.944046886663164,69.96739176940547,0.6996739176940546,timeout,20175,1.5734775054342685,2023-01-18 00:15:00+00:00,2023-02-01 00:30:00+00:00,2023-01-04 00:00:00+00:00
1674043200000,1674044100000,1675254600000,1,PULLBACK,1916.032,1889.201836028778,4537.668233150986,1929.023,26.830163971221964,3.727148298730489,48.41938354880773,0.4841938354880773,timeout,20175,1.2275921994113683,2023-01-18 12:15:00+00:00,2023-02-01 12:30:00+00:00,2023-01-04 00:00:00+00:00
1674115200000,1674116100000,1675326600000,1,PULLBACK,1911.8235,1884.6246787678367,4569.156801984158,1957.8550000000002,27.198821232163255,3.6766299225404526,169.24079027942187,1.6924079027942187,timeout,20175,1.7513810467517605,2023-01-19 08:15:00+00:00,2023-02-02 08:30:00+00:00,2023-01-04 00:00:00+00:00
1674144000000,1674144900000,1675355400000,1,PULLBACK,1918.475,1889.4381924069614,4758.618951710825,1919.9515,29.036807593038475,3.4439047639649902,5.084925383994264,0.05084925383994264,timeout,20175,1.4114499284634168,2023-01-19 16:15:00+00:00,2023-02-02 16:30:00+00:00,2023-01-04 00:00:00+00:00
1674475200000,1674476100000,1675431900000,1,PULLBACK,1925.9500000000003,1898.3980775127084,4618.74032624189,1898.3480775127084,27.551922487291904,3.6295107917106026,-100.18147553958536,-1.0018147553958536,stop,15930,1.2162127711942983,2023-01-23 12:15:00+00:00,2023-02-03 13:45:00+00:00,2023-01-04 00:00:00+00:00
1674504000000,1674504900000,1675431900000,1,PULLBACK,1926.8935000000001,1897.5545795900393,4793.946620586128,1897.5045795900394,29.338920409960792,3.408441708238495,-100.17042208541177,-1.0017042208541178,stop,15450,1.1099760844964046,2023-01-23 20:15:00+00:00,2023-02-03 13:45:00+00:00,2023-01-04 00:00:00+00:00
1674676800000,1674677700000,1675152900000,1,PULLBACK,1942.7009999999998,1911.2933918910594,5019.604202785128,1911.2433918910594,31.407608108940394,3.1839419179308437,-100.15919709589639,-1.0015919709589638,stop,7920,0.19955355970632055,2023-01-25 20:15:00+00:00,2023-01-31 08:15:00+00:00,2023-01-04 00:00:00+00:00
1675252800000,1675253700000,1675431900000,1,PULLBACK,1929.2185000000002,1903.0140676697615,4487.957300693605,1902.9640676697616,26.20443233023866,3.8161483042166418,-100.19080741521066,-1.0019080741521065,stop,2970,1.154022327936629,2023-02-01 12:15:00+00:00,2023-02-03 13:45:00+00:00,2023-01-04 00:00:00+00:00
1675267200000,1675268100000,1675431900000,1,PULLBACK,1932.34,1905.7058842647787,4529.617457786923,1905.6558842647787,26.634115735221258,3.754583069103318,-100.187729153455,-1.00187729153455,stop,2730,1.018205382510134,2023-02-01 16:15:00+00:00,2023-02-03 13:45:00+00:00,2023-01-04 00:00:00+00:00
1675281600000,1675282500000,1675360800000,1,PULLBACK,1943.5,1913.6901068172942,4852.679425087857,1913.6401068172943,29.809893182705764,3.354591020742573,-100.16772955103697,-1.0016772955103697,stop,1305,0.5353591810003092,2023-02-01 20:15:00+00:00,2023-02-02 18:00:00+00:00,2023-01-04 00:00:00+00:00
1676376000000,1676376900000,1677587400000,-1,PULLBACK,1856.9830000000002,1882.3924885165472,-623.8563631381876,1808.5049999999999,25.40948851654707,3.9355377002129885,190.7869966309264,1.9078699663092642,timeout,20175,2.0404975868064286,2023-02-14 12:15:00+00:00,2023-02-28 12:30:00+00:00,2023-01-04 00:00:00+00:00
1676390400000,1676391300000,1677601800000,-1,PULLBACK,1852.0020000000002,1881.5327036225083,-1032.3376586283186,1827.5135,29.5307036225081,3.386306038565931,82.92555542542235,0.8292555542542235,timeout,20175,1.5870600510946937,2023-02-14 16:15:00+00:00,2023-02-28 16:30:00+00:00,2023-01-04 00:00:00+00:00
1676433600000,1676434500000,1677645000000,-1,PULLBACK,1848.0735000000002,1877.775925240033,-1054.4665987632675,1830.8415000000002,29.70242524003288,3.3667284469828465,58.015464598408315,0.5801546459840832,timeout,20175,1.4456226942077288,2023-02-15 04:15:00+00:00,2023-03-01 04:30:00+00:00,2023-01-04 00:00:00+00:00
1676952000000,1676952900000,1678163400000,-1,PULLBACK,1838.16,1860.292764382567,-314.983673874141,1848.462,22.132764382566847,4.518188431932447,-46.54637722576764,-0.46546377225767643,timeout,20175,1.4921317296456842,2023-02-21 04:15:00+00:00,2023-03-07 04:30:00+00:00,2023-01-04 00:00:00+00:00
1677009600000,1677010500000,1677880800000,-1,PULLBACK,1833.7515000000003,1856.7767829558127,-409.7515126254516,1856.8267829558126,23.025282955812372,4.34305194823921,-100.21715259741175,-1.0021715259741175,stop,14505,1.2428294607678774,2023-02-21 20:15:00+00:00,2023-03-03 22:00:00+00:00,2023-01-04 00:00:00+00:00
1677081600000,1677082500000,1678088700000,-1,PULLBACK,1835.73,1858.630172349156,-397.23706256645573,1858.680172349156,22.900172349156037,4.366779361976523,-100.21833896809864,-1.0021833896809864,stop,16770,1.3360161457967084,2023-02-22 16:15:00+00:00,2023-03-06 07:45:00+00:00,2023-01-04 00:00:00+00:00
1677556800000,1677557700000,1677652200000,-1,PULLBACK,1814.6164999999999,1833.6628307977587,-34.62024897811557,1833.7128307977587,19.046330797758856,5.250355097884093,-100.26251775489398,-1.0026251775489399,stop,1575,0.4978124186058614,2023-02-28 04:15:00+00:00,2023-03-01 06:30:00+00:00,2023-01-04 00:00:00+00:00
1678881600000,1678882500000,1680093000000,1,PULLBACK,1918.4600000000003,1881.3283256297182,5559.9457626579215,1967.0100000000002,37.1316743702821,2.69311852201402,130.75090424378055,1.3075090424378055,timeout,20175,2.452488382072057,2023-03-15 12:15:00+00:00,2023-03-29 12:30:00+00:00,2023-01-04 00:00:00+00:00
1679515200000,1679516100000,1680726600000,1,PULLBACK,1973.1385000000002,1928.4395258728957,6359.636938583315,2020.2365,44.69897412710452,2.237187809179766,105.367071436748,1.0536707143674802,timeout,20175,1.3117303281563628,2023-03-22 20:15:00+00:00,2023-04-05 20:30:00+00:00,2023-01-04 00:00:00+00:00
1679702400000,1679868900000,1681079400000,1,PULLBACK,1981.2320000000002,1939.1660503693604,5857.561013433311,2000.985,42.06594963063981,2.377219601079978,46.957218780132095,0.46957218780132093,timeout,20175,1.2014349002878066,2023-03-26 22:15:00+00:00,2023-04-09 22:30:00+00:00,2023-01-04 00:00:00+00:00
1680192000000,1680192900000,1681403400000,1,PULLBACK,1975.1450000000002,1945.8653354221763,4840.831793204556,2039.395,29.27966457782395,3.4153396714707838,219.43557389199708,2.194355738919971,timeout,20175,2.5014118520835633,2023-03-30 16:15:00+00:00,2023-04-13 16:30:00+00:00,2023-01-04 00:00:00+00:00
1680825600000,1681078500000,1681485300000,1,PULLBACK,1995.8575,1977.8714481472946,4904.62663341784,1995.8075000000001,17.986051852705486,5.559863877794718,-0.27799319388948307,-0.0027799319388948306,breakeven,6780,2.9204852977280233,2023-04-09 22:15:00+00:00,2023-04-14 15:15:00+00:00,2023-04-04 00:00:00+00:00
1681228800000,1681229700000,1681484400000,1,PULLBACK,2004.6304999999998,1975.4483410774426,4856.114233333188,2004.5804999999998,29.182158922557164,3.426751264886787,-0.17133756324418353,-0.0017133756324418353,breakeven,4245,1.499375015951233,2023-04-11 16:15:00+00:00,2023-04-14 15:00:00+00:00,2023-04-04 00:00:00+00:00
1681329600000,1681330500000,1681481700000,1,PULLBACK,2014.137,1982.1185631064423,5144.262252462228,2014.087,32.01843689355769,3.1232005588667766,-0.1561600279431968,-0.001561600279431968,breakeven,2520,1.0696493434034997,2023-04-12 20:15:00+00:00,2023-04-14 14:15:00+00:00,2023-04-04 00:00:00+00:00
1683633600000,1683634500000,1683884700000,1,PULLBACK,2031.4355,2001.1362943772265,4997.506856654581,2001.0862943772265,30.29920562277357,3.300416560255881,-100.16502082801264,-1.0016502082801264,stop,4170,0.5464334677987621,2023-05-09 12:15:00+00:00,2023-05-12 09:45:00+00:00,2023-04-04 00:00:00+00:00
1683748800000,1683749700000,1683885600000,1,PULLBACK,2031.4055,2000.7518068236577,5032.071124457885,2000.7018068236578,30.653693176342358,3.2622496553588896,-100.1631124827678,-1.001631124827678,stop,2265,0.3161609253491111,2023-05-10 20:15:00+00:00,2023-05-12 10:00:00+00:00,2023-04-04 00:00:00+00:00
1683806400000,1683807300000,1683873000000,1,PULLBACK,2037.1855,2006.693744915933,5022.769253322625,2006.643744915933,30.49175508406711,3.2795750760917373,-100.16397875380444,-1.0016397875380445,stop,1095,0.12828057910133356,2023-05-11 12:15:00+00:00,2023-05-12 06:30:00+00:00,2023-04-04 00:00:00+00:00
1684756800000,1684757700000,1685541600000,-1,PULLBACK,1972.6615,1999.2817434410078,-625.0426006597609,1972.7115,26.620243441007915,3.7565396507964364,-0.187826982539651,-0.00187826982539651,breakeven,13065,1.5118757305577781,2023-05-22 12:15:00+00:00,2023-05-31 14:00:00+00:00,2023-04-04 00:00:00+00:00
1684771200000,1684772100000,1685541600000,-1,PULLBACK,1972.2054999999998,1999.02926176665,-648.0469148983457,1972.2554999999998,26.82376176665025,3.7280378818577615,-0.18640189409271854,-0.0018640189409271854,breakeven,12825,1.483404913380598,2023-05-22 16:15:00+00:00,2023-05-31 14:00:00+00:00,2023-04-04 00:00:00+00:00
1684785600000,1684786500000,1685541600000,-1,PULLBACK,1971.795,1998.3605644976035,-613.3458852627496,1971.845,26.565564497603418,3.7642716008922523,-0.18821358004444144,-0.0018821358004444144,breakeven,12585,1.4823701564313645,2023-05-22 20:15:00+00:00,2023-05-31 14:00:00+00:00,2023-04-04 00:00:00+00:00
1686153600000,1686154500000,1687365000000,-1,PULLBACK,1946.8780000000002,1974.5938986357082,-761.7959649351073,1933.4119999999998,27.715898635708072,3.608037441411477,48.58583218604821,0.48585832186048206,timeout,20175,0.9856977888064189,2023-06-07 16:15:00+00:00,2023-06-21 16:30:00+00:00,2023-04-04 00:00:00+00:00
1686672000000,1686672900000,1687883400000,-1,PULLBACK,1942.8485,1968.8600808493077,-596.2980040814514,1916.0355000000002,26.01158084930762,3.844441465489085,103.08100901415835,1.0308100901415835,timeout,20175,1.2401399279374792,2023-06-13 16:15:00+00:00,2023-06-27 16:30:00+00:00,2023-04-04 00:00:00+00:00
1686772800000,1686773700000,1687984200000,-1,PULLBACK,1944.6149999999998,1971.5590360272497,-690.1945666977358,1909.6135,26.944036027249922,3.7113964626110483,129.90444328608004,1.2990444328608004,timeout,20175,1.5365181355209605,2023-06-14 20:15:00+00:00,2023-06-28 20:30:00+00:00,2023-04-04 00:00:00+00:00
1687176000000,1687176900000,1688387400000,-1,PULLBACK,1948.2415,1973.0491461563977,-473.36546948337127,1914.875,24.807646156397595,4.031015251086657,134.5008703753833,1.345008703753833,timeout,20175,2.2102459723233303,2023-06-19 12:15:00+00:00,2023-07-03 12:30:00+00:00,2023-04-04 00:00:00+00:00
1687233600000,1687234500000,1688445000000,-1,PULLBACK,1950.0135,1972.448243020431,-235.0260590226619,1923.9999999999998,22.434743020430915,4.457372206533938,115.9518518946717,1.159518518946717,timeout,20175,2.5230063900644075,2023-06-20 04:15:00+00:00,2023-07-04 04:30:00+00:00,2023-04-04 00:00:00+00:00
1687262400000,1687263300000,1688473800000,-1,PULLBACK,1951.1185000000003,1973.662548828841,-247.7423340552523,1928.5104999999999,22.544048828840687,4.4357604421114285,100.28367207525696,1.0028367207525697,timeout,20175,2.559788635933677,2023-06-20 12:15:00+00:00,2023-07-04 12:30:00+00:00,2023-04-04 00:00:00+00:00
1687276800000,1687277700000,1688488200000,-1,PULLBACK,1934.9015000000002,1961.1672596267808,-631.7087030513007,1925.9899999999998,26.265759626780664,3.807238070435992,33.92820206469182,0.33928202064691815,timeout,20175,1.5796611478046056,2023-06-20 16:15:00+00:00,2023-07-04 16:30:00+00:00,2023-04-04 00:00:00+00:00
1687809600000,1687810500000,1688146200000,-1,PULLBACK,1922.6280000000002,1943.401713481763,-98.91963469451389,1922.678,20.773713481762798,4.813775836842546,-0.2406887918419084,-0.0024068879184190838,breakeven,5595,1.4064649551294806,2023-06-26 20:15:00+00:00,2023-06-30 17:30:00+00:00,2023-04-04 00:00:00+00:00
1687881600000,1687882500000,1689057900000,-1,PULLBACK,1913.2115,1936.6548354160175,-370.97870618572097,1936.7048354160174,23.44333541601759,4.265604626024132,-100.21328023130101,-1.00213280231301,stop,19590,0.8446323719990354,2023-06-27 16:15:00+00:00,2023-07-11 06:45:00+00:00,2023-04-04 00:00:00+00:00
1688587200000,1688588100000,1689057900000,-1,PULLBACK,1915.573,1935.6115502982923,-35.69347953095439,1935.6615502982922,20.038550298292193,4.990380966257954,-100.24951904831268,-1.0024951904831267,stop,7830,0.6269415607909918,2023-07-05 20:15:00+00:00,2023-07-11 06:45:00+00:00,2023-07-04 00:00:00+00:00
1688659200000,1688660100000,1688742900000,-1,PULLBACK,1911.144,1934.7145991326233,-382.4453141296949,1934.7645991326233,23.57059913262333,4.242573531429378,-100.21212867657127,-1.0021212867657128,stop,1380,0.07812699158127184,2023-07-06 16:15:00+00:00,2023-07-07 15:15:00+00:00,2023-07-04 00:00:00+00:00
1689580800000,1689581700000,1690792200000,1,PULLBACK,1952.732,1933.784145286526,3793.8696166339396,1954.293,18.947854713474044,5.277642324800433,8.238399669013063,0.08238399669013063,timeout,20175,1.8198894028609187,2023-07-17 08:15:00+00:00,2023-07-31 08:30:00+00:00,2023-07-04 00:00:00+00:00
1689595200000,1689596100000,1690806600000,1,PULLBACK,1957.9965,1938.6946706232025,3834.3776083029434,1961.5695,19.301829376797514,5.1808560757566715,18.51119875867907,0.18511198758679068,timeout,20175,1.5137684324949485,2023-07-17 12:15:00+00:00,2023-07-31 12:30:00+00:00,2023-07-04 00:00:00+00:00
1689624000000,1689624900000,1690835400000,1,PULLBACK,1955.7355,1935.5159251802104,3925.2734071591726,1965.1200000000001,20.219574819789614,4.9457024141836285,46.41294430590684,0.4641294430590684,timeout,20175,1.55688239147292,2023-07-17 20:15:00+00:00,2023-07-31 20:30:00+00:00,2023-07-04 00:00:00+00:00
1690315200000,1690316100000,1690466400000,1,PULLBACK,1964.8785,1943.0865591293843,4090.7806461909577,1943.0365591293844,21.79194087061569,4.588852392438356,-100.22944261962171,-1.002294426196217,stop,2505,0.7825369984825179,2023-07-25 20:15:00+00:00,2023-07-27 14:00:00+00:00,2023-07-04 00:00:00+00:00
1690358400000,1690359300000,1690465500000,1,PULLBACK,1970.975,1950.3874644341317,3975.7910210209707,1950.3374644341318,20.587535565868166,4.857307941499751,-100.24286539707477,-1.0024286539707477,stop,1770,0.5321909446104315,2023-07-26 08:15:00+00:00,2023-07-27 13:45:00+00:00,2023-07-04 00:00:00+00:00
1690387200000,1690388100000,1690465500000,1,PULLBACK,1972.7984999999999,1951.6999361702462,4028.056319145632,1951.6499361702463,21.09856382975363,4.739659097505866,-100.23698295487507,-1.0023698295487506,stop,1290,0.43287306537522335,2023-07-26 16:15:00+00:00,2023-07-27 13:45:00+00:00,2023-07-04 00:00:00+00:00
1690401600000,1690402500000,1690465500000,1,PULLBACK,1975.1999999999998,1952.870012158086,4151.868796349513,1952.820012158086,22.329987841913862,4.478282778654177,-100.2239141389325,-1.002239141389325,stop,1050,0.30145560524512044,2023-07-26 20:15:00+00:00,2023-07-27 13:45:00+00:00,2023-07-04 00:00:00+00:00
1691424000000,1691424900000,1692216000000,-1,PULLBACK,1932.2549999999999,1952.2576112109946,-15.503509888465715,1892.2497775780105,20.0026112109947,4.9993472824704845,200.0,2.0,target,13185,1.974992143939959,2023-08-07 16:15:00+00:00,2023-08-16 20:00:00+00:00,2023-07-04 00:00:00+00:00
1691683200000,1691684100000,1692894600000,-1,PULLBACK,1919.7330000000002,1939.2935798968565,14.935590211205408,1919.7285000000002,19.560579896856325,5.112322872190076,0.02300545292489254,0.0002300545292489254,timeout,20175,1.7632912818470785,2023-08-10 16:15:00+00:00,2023-08-24 16:30:00+00:00,2023-07-04 00:00:00+00:00
1692288000000,1692288900000,1692794700000,-1,PULLBACK,1889.223,1908.180194302776,43.16076402516046,1908.230194302776,18.957194302776088,5.275042203125809,-100.26375211015605,-1.0026375211015606,stop,8430,0.20999943010642616,2023-08-17 16:15:00+00:00,2023-08-23 12:45:00+00:00,2023-07-04 00:00:00+00:00
1692633600000,1692634500000,1692794700000,-1,PULLBACK,1888.923,1907.7118857112796,59.5233145833256,1907.7618857112795,18.78888571127959,5.322295400411462,-100.26611477002034,-1.0026611477002034,stop,2670,0.0,2023-08-21 16:15:00+00:00,2023-08-23 12:45:00+00:00,2023-07-04 00:00:00+00:00
1693598400000,1693599300000,1693986300000,1,PULLBACK,1940.9984999999997,1923.2346335402337,3658.7712795168527,1923.1846335402338,17.76386645976595,5.629405074987124,-100.2814702537491,-1.0028147025374912,stop,6450,0.2851293670481137,2023-09-01 20:15:00+00:00,2023-09-06 07:45:00+00:00,2023-07-04 00:00:00+00:00
1694160000000,1694160900000,1695217500000,-1,PULLBACK,1923.8600000000001,1939.16,439.1600000000001,1939.21,15.299999999999955,6.53594771241832,-100.32679738562062,-1.0032679738562063,stop,17610,1.4704901960784456,2023-09-08 08:15:00+00:00,2023-09-20 13:45:00+00:00,2023-07-04 00:00:00+00:00
1694174400000,1694175300000,1695217500000,-1,PULLBACK,1922.74,1938.03,438.03,1938.08,15.289999999999964,6.540222367560513,-100.32701111837773,-1.0032701111837772,stop,17370,1.3982014388489261,2023-09-08 12:15:00+00:00,2023-09-20 13:45:00+00:00,2023-07-04 00:00:00+00:00
1694188800000,1694189700000,1695080700000,-1,PULLBACK,1919.3299999999997,1934.78031786935,419.7485309343547,1934.83031786935,15.450317869350329,6.472358746636253,-100.32361793733152,-1.003236179373315,stop,14850,1.1629857813893172,2023-09-08 16:15:00+00:00,2023-09-18 23:45:00+00:00,2023-07-04 00:00:00+00:00
1694476800000,1694477700000,1695120300000,-1,PULLBACK,1921.3765,1936.7085000000002,436.7085000000002,1936.7585000000001,15.332000000000107,6.522306287503215,-100.32611531437486,-1.0032611531437485,stop,10710,1.3054396034437752,2023-09-12 00:15:00+00:00,2023-09-19 10:45:00+00:00,2023-07-04 00:00:00+00:00
1694505600000,1694506500000,1695069000000,-1,PULLBACK,1918.7295,1934.0365,434.03649999999993,1934.0865,15.307000000000016,6.53295877703011,-100.32664793885121,-1.003266479388512,stop,9375,1.1346442803945855,2023-09-12 08:15:00+00:00,2023-09-18 20:30:00+00:00,2023-07-04 00:00:00+00:00
1698163200000,1698164100000,1699374600000,1,PULLBACK,1970.1515,1938.286676383375,5089.269038045879,1963.64,31.864823616625017,3.1382568189653,-20.434759276692056,-0.20434759276692055,timeout,20175,1.2263836909993502,2023-10-24 16:15:00+00:00,2023-11-07 16:30:00+00:00,2023-10-04 00:00:00+00:00
1698235200000,1698236100000,1699446600000,1,PULLBACK,1975.1499999999999,1946.8834689060222,4734.0365783038105,1963.033,28.26653109397762,3.5377528168394776,-42.86695088164382,-0.42866950881643817,timeout,20175,1.2056661599788914,2023-10-25 12:15:00+00:00,2023-11-08 12:30:00+00:00,2023-10-04 00:00:00+00:00
1698249600000,1698250500000,1699461000000,1,PULLBACK,1981.622,1950.1863639841633,5058.049965567825,1956.008,31.435636015836735,3.181103126070734,-81.48077547117589,-0.8148077547117589,timeout,20175,0.8782389510455993,2023-10-25 16:15:00+00:00,2023-11-08 16:30:00+00:00,2023-10-04 00:00:00+00:00
1698436800000,1698437700000,1698812100000,1,PULLBACK,2007.481,1976.1188867129306,5072.98021541987,1976.0688867129306,31.362113287069405,3.188560639541787,-100.15942803197694,-1.0015942803197695,stop,6240,0.004256728453785502,2023-10-27 20:15:00+00:00,2023-11-01 04:15:00+00:00,2023-10-04 00:00:00+00:00
1698739200000,1698740100000,1698864300000,1,PULLBACK,1996.6599999999999,1971.3060358120947,4469.70245460263,1971.2560358120948,25.35396418790515,3.9441563953815155,-100.1972078197689,-1.001972078197689,stop,2070,0.43206261233207016,2023-10-31 08:15:00+00:00,2023-11-01 18:45:00+00:00,2023-10-04 00:00:00+00:00
1698926400000,1698927300000,1699348500000,1,PULLBACK,1988.907,1964.1241872424835,4406.205462994154,1964.0741872424835,24.782812757516467,4.0350544943559985,-100.20175272471761,-1.002017527247176,stop,7020,0.6007994389371455,2023-11-02 12:15:00+00:00,2023-11-07 09:15:00+00:00,2023-10-04 00:00:00+00:00
1699027200000,1699028100000,1699342200000,1,PULLBACK,1992.2105000000001,1967.717145970398,4374.002548930601,1967.667145970398,24.493354029602187,4.082740153885905,-100.2041370076941,-1.002041370076941,stop,5235,0.1098052964387595,2023-11-03 16:15:00+00:00,2023-11-07 07:30:00+00:00,2023-10-04 00:00:00+00:00
1700452800000,1700453700000,1701186300000,1,PULLBACK,1982.6164999999999,1959.2724323696896,4262.179195400737,2029.3046352606204,23.344067630310292,4.283743586750001,200.0,2.0,target,12210,1.9654672324726379,2023-11-20 04:15:00+00:00,2023-11-28 15:45:00+00:00,2023-10-04 00:00:00+00:00
1700712000000,1700712900000,1701219600000,1,PULLBACK,1998.205,1974.1481366808368,4346.334468597132,2046.318726638326,24.056863319163085,4.156817897383261,200.0,2.0,target,8445,1.9944412271644896,2023-11-23 04:15:00+00:00,2023-11-29 01:00:00+00:00,2023-10-04 00:00:00+00:00
1700769600000,1700781300000,1701189000000,1,PULLBACK,1993.0929999999998,1972.1367656898528,4032.4601967045646,2035.0054686202939,20.95623431014701,4.771849680626065,200.0,2.0,target,6795,1.9999776381440089,2023-11-23 23:15:00+00:00,2023-11-28 16:30:00+00:00,2023-10-04 00:00:00+00:00
1700827200000,1700828100000,1701188100000,1,PULLBACK,1995.6435,1977.4981963860862,3756.6785577774626,2031.9341072278273,18.14530361391371,5.511067884437083,200.0,2.0,target,6000,1.9614717260894243,2023-11-24 12:15:00+00:00,2023-11-28 16:15:00+00:00,2023-10-04 00:00:00+00:00
1701360000000,1701360900000,1701646200000,1,PULLBACK,2038.3250000000003,2014.7808347285288,4334.697361875658,2085.413330542943,23.544165271471456,4.247336817719774,200.0,2.0,target,4755,1.6579266901127954,2023-11-30 16:15:00+00:00,2023-12-03 23:30:00+00:00,2023-10-04 00:00:00+00:00
1701446400000,1701447300000,1701646200000,1,PULLBACK,2049.765,2024.096417011842,4552.454715827658,2101.1021659763155,25.668582988157823,3.8958130273936393,200.0,2.0,target,3315,1.0750301258441262,2023-12-01 16:15:00+00:00,2023-12-03 23:30:00+00:00,2023-10-04 00:00:00+00:00
1702915200000,1702916100000,1703691900000,1,PULLBACK,2022.6635,1993.8283525994673,4840.1430926527255,2080.333794801066,28.835147400532833,3.467989901731945,200.0,2.0,target,12930,1.8972679154395151,2023-12-18 16:15:00+00:00,2023-12-27 15:45:00+00:00,2023-10-04 00:00:00+00:00
1702929600000,1702930500000,1703728800000,1,PULLBACK,2026.67,1997.2206488423624,4909.1557646061065,2085.5687023152755,29.449351157637693,3.395660551728828,200.0,2.0,target,13305,1.964151932936516,2023-12-18 20:15:00+00:00,2023-12-28 02:00:00+00:00,2023-10-04 00:00:00+00:00
1702972800000,1702973700000,1703691900000,1,PULLBACK,2025.255,1998.7999249295447,4612.15743197508,2078.165150140911,26.45507507045545,3.7799930536458084,200.0,2.0,target,11970,1.970000079803321,2023-12-19 08:15:00+00:00,2023-12-27 15:45:00+00:00,2023-10-04 00:00:00+00:00
1703174400000,1703175300000,1704385800000,1,PULLBACK,2041.9950000000001,2017.6421158058101,4410.780535224791,2044.8700000000001,24.352884194189983,4.106289801347539,11.805583178874175,0.11805583178874174,timeout,20175,1.8966952592424398,2023-12-21 16:15:00+00:00,2024-01-04 16:30:00+00:00,2023-10-04 00:00:00+00:00
1706112000000,1706112900000,1706600700000,-1,PULLBACK,2015.02,2040.6877485832724,-498.08710974397513,2040.7377485832724,25.66774858327244,3.8959396721366346,-100.19479698360666,-1.0019479698360667,stop,8130,0.19499178059043396,2024-01-24 16:15:00+00:00,2024-01-30 07:45:00+00:00,2024-01-04 00:00:00+00:00
1706212800000,1706213700000,1706624100000,-1,PULLBACK,2017.4695,2042.5490545638315,-431.2064018193514,2042.5990545638315,25.079554563831607,3.9873116464442577,-100.19936558232203,-1.0019936558232203,stop,6840,0.04523605062890568,2024-01-25 20:15:00+00:00,2024-01-30 14:15:00+00:00,2024-01-04 00:00:00+00:00
1706284800000,1706285700000,1706600700000,-1,PULLBACK,2016.7414999999996,2040.0677942164514,-259.0616274287006,2040.1177942164513,23.326294216451743,4.287007574888224,-100.21435037874421,-1.0021435037874422,stop,5250,0.01742668579190332,2024-01-26 16:15:00+00:00,2024-01-30 07:45:00+00:00,2024-01-04 00:00:00+00:00
1706803200000,1706804100000,1707121800000,1,PULLBACK,2052.38,2021.2563607234931,5099.470288374201,2023.228647631324,31.123639276506992,3.212991871277818,-93.6630581973115,-0.936630581973115,stop,5295,0.4101866072466884,2024-02-01 16:15:00+00:00,2024-02-05 08:30:00+00:00,2024-01-04 00:00:00+00:00
1707321600000,1707322500000,1707748200000,1,PULLBACK,2038.7100000000003,2015.8122736183543,4274.08491178292,2015.7622736183544,22.897726381645953,4.367245827522711,-100.21836229137594,-1.0021836229137593,stop,7095,0.08625310509355964,2024-02-07 16:15:00+00:00,2024-02-12 14:30:00+00:00,2024-01-04 00:00:00+00:00
1707350400000,1707351300000,1707748200000,1,PULLBACK,2036.8799999999999,2015.0978915382748,4160.308737710784,2015.0478915382748,21.7821084617251,4.5909237930624185,-100.22954618965292,-1.0022954618965292,stop,6615,0.07157250193385212,2024-02-08 00:15:00+00:00,2024-02-12 14:30:00+00:00,2024-01-04 00:00:00+00:00
1707753600000,1707754500000,1708106400000,-1,PULLBACK,2012.91,2033.873474814117,-33.974006597553625,2013.7062997521557,20.963474814116807,4.770201547534476,-3.798510310034053,-0.03798510310034053,stop,5865,1.3494900177975122,2024-02-12 16:15:00+00:00,2024-02-16 18:00:00+00:00,2024-01-04 00:00:00+00:00
1707840000000,1707840900000,1708304400000,-1,PULLBACK,1991.96,2019.5510084141374,-705.5498329996133,2019.6010084141374,27.591008414137377,3.624369160380558,-100.18121845801886,-1.0018121845801886,stop,7725,0.2660286963719382,2024-02-13 16:15:00+00:00,2024-02-19 01:00:00+00:00,2024-01-04 00:00:00+00:00
1709222400000,1709223300000,1710247500000,1,PULLBACK,2048.5535,2028.6816959377236,3979.3621021653744,2167.0174279169646,19.871804062276397,5.032255737154475,596.1407809059995,5.9614078090599945,ladder_lock_5.96R,17070,7.366039819095936,2024-02-29 16:15:00+00:00,2024-03-12 12:45:00+00:00,2024-01-04 00:00:00+00:00
1709294400000,1709295300000,1710247500000,1,PULLBACK,2055.8100000000004,2034.97094211546,4084.7267305694554,2165.6964228206134,20.839057884540352,4.798681425717711,527.3099361278385,5.273099361278384,ladder_lock_5.28R,15870,6.675925599458474,2024-03-01 12:15:00+00:00,2024-03-12 12:45:00+00:00,2024-01-04 00:00:00+00:00
1710964800000,1710965700000,1711034100000,1,PULLBACK,2183.2705,2155.0378430954484,4934.2535335506145,2173.9087907939306,28.23265690455173,3.5419974938270076,-33.15915054583526,-0.3315915054583526,stop,1140,1.3928728044599916,2024-03-20 20:15:00+00:00,2024-03-21 15:15:00+00:00,2024-01-04 00:00:00+00:00
1711051200000,1711052100000,1712262600000,1,PULLBACK,2181.86,2139.559596999164,6334.249897082751,2291.035,42.30040300083601,2.364043671121139,258.0944677946497,2.580944677946497,timeout,20175,2.9175844967141527,2024-03-21 20:15:00+00:00,2024-04-04 20:30:00+00:00,2024-01-04 00:00:00+00:00
1711411200000,1711412100000,1712622600000,1,PULLBACK,2173.375,2142.198914248556,5221.857489392975,2338.9945,31.176085751444134,3.2075867636901085,531.2389160089732,5.312389160089732,timeout,20175,5.785043107653311,2024-03-26 00:15:00+00:00,2024-04-09 00:30:00+00:00,2024-01-04 00:00:00+00:00
1711440000000,1711440900000,1712651400000,1,PULLBACK,2173.35,2144.142543408193,5032.88820258886,2355.648,29.20745659180693,3.4237832276039843,624.1488348257519,6.241488348257519,timeout,20175,6.275503634623766,2024-03-26 08:15:00+00:00,2024-04-09 08:30:00+00:00,2024-01-04 00:00:00+00:00
1711454400000,1711455300000,1712665800000,1,PULLBACK,2196.925,2163.589147450465,5457.674402403943,2347.5164999999997,33.33585254953505,2.9997732876759664,451.74035905105393,4.517403590510539,timeout,20175,5.0424089124531575,2024-03-26 12:15:00+00:00,2024-04-09 12:30:00+00:00,2024-01-04 00:00:00+00:00
1711483200000,1711484100000,1712694600000,1,PULLBACK,2178.3749999999995,2143.421229179228,5598.798311256456,2353.0965,34.95377082077175,2.860921658860727,499.86452361863616,4.998645236186362,timeout,20175,5.3397100117474405,2024-03-26 20:15:00+00:00,2024-04-09 20:30:00+00:00,2024-01-04 00:00:00+00:00
1711497600000,1711498500000,1712709000000,1,PULLBACK,2179.9,2146.30831995214,5468.626324738141,2351.9235,33.59168004785988,2.9769276159312246,512.1015077391444,5.121015077391444,timeout,20175,5.510828864059563,2024-03-27 00:15:00+00:00,2024-04-10 00:30:00+00:00,2024-01-04 00:00:00+00:00
1711540800000,1711541700000,1712752200000,1,PULLBACK,2188.8750000000005,2154.859791339232,5519.880657416077,2349.6345,34.01520866076862,2.939861430729214,472.61065367331213,4.726106536733122,timeout,20175,5.178360119929347,2024-03-27 12:15:00+00:00,2024-04-10 12:30:00+00:00,2024-01-04 00:00:00+00:00
1712332800000,1712333700000,1712941200000,1,PULLBACK,2326.7045,2276.831998761225,7222.632122638718,2360.7309983482996,49.87250123877493,2.005112988442855,68.2269737894053,0.6822697378940531,ladder_lock_0.68R,10125,2.0947214878963765,2024-04-05 16:15:00+00:00,2024-04-12 17:00:00+00:00,2024-04-04 00:00:00+00:00
1712808000000,1712808900000,1712941200000,1,PULLBACK,2344.38,2297.9002047351773,6907.879731217424,2365.20860631357,46.47979526482277,2.1514724716458216,44.81217310639358,0.4481217310639358,ladder_lock_0.45R,2205,1.8673382596779209,2024-04-11 04:15:00+00:00,2024-04-12 17:00:00+00:00,2024-04-04 00:00:00+00:00
1712836800000,1712837700000,1712941200000,1,PULLBACK,2337.6349999999998,2292.160630613495,6808.097569263993,2366.46250748466,45.474369386504804,2.199040939964667,63.39286915590552,0.6339286915590552,ladder_lock_0.64R,1725,2.0569499096288624,2024-04-11 12:15:00+00:00,2024-04-12 17:00:00+00:00,2024-04-04 00:00:00+00:00
1712851200000,1712852100000,1712941200000,1,PULLBACK,2345.1825,2299.5209427125315,6829.426671459421,2366.276256950041,45.66155728746844,2.1900260512456162,46.195877239233276,0.46195877239233274,ladder_lock_0.46R,1485,1.8832253017266274,2024-04-11 16:15:00+00:00,2024-04-12 17:00:00+00:00,2024-04-04 00:00:00+00:00
1713211200000,1713212100000,1713836700000,1,PULLBACK,2386.8799999999997,2319.527303486935,9013.296954793444,2323.70473798258,67.35269651306453,1.4847215505410807,-93.7976729783425,-0.9379767297834251,stop,10410,0.4549186830857987,2024-04-15 20:15:00+00:00,2024-04-23 01:45:00+00:00,2024-04-04 00:00:00+00:00
1713268800000,1713269700000,1713793500000,1,PULLBACK,2374.487,2312.9890912351716,8420.579967718015,2331.520454980229,61.49790876482848,1.6260715528133765,-69.86667657932533,-0.6986667657932533,stop,8730,0.6997473713221861,2024-04-16 12:15:00+00:00,2024-04-22 13:45:00+00:00,2024-04-04 00:00:00+00:00
1713283200000,1713284100000,1713805200000,1,PULLBACK,2386.5715,2323.0722275755165,8625.199470023868,2328.9266367673554,63.49927242448348,1.574821193721944,-90.78035232797163,-0.9078035232797163,stop,8685,0.48738353713904253,2024-04-16 16:15:00+00:00,2024-04-22 17:00:00+00:00,2024-04-04 00:00:00+00:00
1713340800000,1713341700000,1713788100000,1,PULLBACK,2382.9385,2326.984399593511,7885.194440242401,2338.845532791348,55.95410040648903,1.7871791213428736,-78.80203039335922,-0.7880203039335921,stop,7440,0.61803334784719,2024-04-17 08:15:00+00:00,2024-04-22 12:15:00+00:00,2024-04-04 00:00:00+00:00
1713456000000,1713456900000,1713785400000,1,PULLBACK,2384.5165,2333.2030635913607,7427.046704455281,2345.037084788481,51.31343640863952,1.948807310499346,-76.93777297844761,-0.7693777297844762,stop,5475,0.6431746207206567,2024-04-18 16:15:00+00:00,2024-04-22 11:30:00+00:00,2024-04-04 00:00:00+00:00
1713499200000,1713500100000,1713788100000,1,PULLBACK,2391.86,2338.2052750401676,7658.677771023401,2338.1552750401675,53.65472495983249,1.8637687561507947,-100.09318843780788,-1.0009318843780788,stop,4800,0.18311528029182067,2024-04-19 04:15:00+00:00,2024-04-22 12:15:00+00:00,2024-04-04 00:00:00+00:00
1713542400000,1713543300000,1713785400000,1,PULLBACK,2395.25,2341.951644046373,7640.287239409057,2341.901644046373,53.298355953626924,1.8762304804862382,-100.09381152402464,-1.0009381152402463,stop,4035,0.12073543141929693,2024-04-19 16:15:00+00:00,2024-04-22 11:30:00+00:00,2024-04-04 00:00:00+00:00
1715702400000,1715703300000,1716379200000,1,PULLBACK,2348.4085,2314.2212045674364,5693.750747823782,2404.554606089915,34.18729543256359,2.925063206513536,164.23090911261613,1.6423090911261613,ladder_lock_1.64R,11265,2.9637032914715635,2024-05-14 16:15:00+00:00,2024-05-22 12:00:00+00:00,2024-04-04 00:00:00+00:00
1715788800000,1715789700000,1716387300000,1,PULLBACK,2378.1165,2341.0540982913744,6002.79426915391,2400.7917977218326,37.06240170862566,2.698152180912946,61.18140400101277,0.6118140400101277,ladder_lock_0.61R,9960,1.9322277213171708,2024-05-15 16:15:00+00:00,2024-05-22 14:15:00+00:00,2024-04-04 00:00:00+00:00
1716364800000,1716365700000,1716402600000,1,PULLBACK,2417.862,2379.0354839288566,6206.487091043177,2378.9854839288564,38.82651607114349,2.5755594402744175,-100.12877797201419,-1.0012877797201418,stop,615,0.029309866430332523,2024-05-22 08:15:00+00:00,2024-05-22 18:30:00+00:00,2024-04-04 00:00:00+00:00
1718150400000,1718151300000,1718860500000,-1,PULLBACK,2314.8215,2349.1219829907836,-1042.426316087567,2342.3441439877115,34.30048299078362,2.915410842082589,-80.23981468455327,-0.8023981468455327,stop,11820,0.5481409694741589,2024-06-12 00:15:00+00:00,2024-06-20 05:15:00+00:00,2024-04-04 00:00:00+00:00
1718164800000,1718165700000,1718859600000,-1,PULLBACK,2313.6859999999997,2346.8922342057276,-931.981186367037,2340.8418122743037,33.206234205727924,3.011482704737126,-81.77925899715473,-0.8177925899715472,stop,11565,0.532008534618852,2024-06-12 04:15:00+00:00,2024-06-20 05:00:00+00:00,2024-04-04 00:00:00+00:00
1718280000000,1718280900000,1718862300000,-1,PULLBACK,2306.7199999999993,2344.0220369801655,-1343.0316610363752,2344.0720369801656,37.30203698016612,2.680818745988886,-100.13404093729993,-1.0013404093729994,stop,9690,0.28684760582079377,2024-06-13 12:15:00+00:00,2024-06-20 05:45:00+00:00,2024-04-04 00:00:00+00:00
1718294400000,1718295300000,1718847900000,-1,PULLBACK,2298.5400000000004,2339.4327129101534,-1702.6885781051978,2339.4827129101536,40.89271291015302,2.445423472385261,-100.12227117361971,-1.0012227117361971,stop,9210,0.06162467150411925,2024-06-13 16:15:00+00:00,2024-06-20 01:45:00+00:00,2024-04-04 00:00:00+00:00
1718640000000,1718640900000,1718892000000,-1,PULLBACK,2312.2065000000002,2346.1348999105844,-1006.5050911478111,2346.1848999105846,33.928399910584176,2.947383320862248,-100.14736916604365,-1.0014736916604365,stop,4185,0.15212919010632306,2024-06-17 16:15:00+00:00,2024-06-20 14:00:00+00:00,2024-04-04 00:00:00+00:00
1720195200000,1720196100000,1720454400000,1,PULLBACK,2385.1820000000002,2354.3667735945946,5393.539414135105,2354.3167735945945,30.81522640540561,3.245148962542037,-100.16225744812769,-1.001622574481277,stop,4305,0.24184472643342642,2024-07-05 16:15:00+00:00,2024-07-08 16:00:00+00:00,2024-07-04 00:00:00+00:00
1720584000000,1720584900000,1721330100000,1,PULLBACK,2368.6870000000004,2338.473966976884,5316.427269288448,2443.262455969179,30.213033023116168,3.3098298976964484,246.83207380113245,2.4683207380113243,ladder_lock_2.47R,12420,3.7954977877349325,2024-07-10 04:15:00+00:00,2024-07-18 19:15:00+00:00,2024-07-04 00:00:00+00:00
1722628800000,1722629700000,1722858300000,1,PULLBACK,2438.0804999999996,2386.072617074878,7543.310909587053,2387.101822766504,52.00788292512152,1.9227854389684589,-98.02105828243812,-0.9802105828243812,stop,3810,0.3917290774810625,2024-08-02 20:15:00+00:00,2024-08-05 11:45:00+00:00,2024-07-04 00:00:00+00:00
1722830400000,1722831300000,1722857400000,1,PULLBACK,2451.5899999999997,2398.071834443698,7697.388390073898,2398.021834443698,53.51816555630148,1.868524433910189,-100.09342622169585,-1.0009342622169586,stop,435,0.12824617452144152,2024-08-05 04:15:00+00:00,2024-08-05 11:30:00+00:00,2024-07-04 00:00:00+00:00
1723708800000,1723709700000,1724336100000,1,PULLBACK,2456.2535,2420.369314288741,5968.9378854146435,2482.672752384988,35.88418571125885,2.786742906879575,73.62366418892755,0.7362366418892755,ladder_lock_0.74R,10440,2.0932758682171366,2024-08-15 08:15:00+00:00,2024-08-22 14:15:00+00:00,2024-07-04 00:00:00+00:00
1723723200000,1723724100000,1724335200000,1,PULLBACK,2464.0165,2428.3933632681164,5950.207036456453,2483.029484357489,35.62313673188373,2.807164364908302,53.37257215890118,0.5337257215890118,ladder_lock_0.54R,10185,1.890695378874863,2024-08-15 12:15:00+00:00,2024-08-22 14:00:00+00:00,2024-07-04 00:00:00+00:00
1723766400000,1723767300000,1724336100000,1,PULLBACK,2457.84,2419.7351299562874,6185.222134327568,2479.780506608383,38.10487004371271,2.6243364663173803,57.57927158185631,0.5757927158185631,ladder_lock_0.58R,9480,1.9296483603185064,2024-08-16 00:15:00+00:00,2024-08-22 14:15:00+00:00,2024-07-04 00:00:00+00:00
1723795200000,1723796100000,1724336100000,1,PULLBACK,2462.515,2424.8817268500643,6143.709041843669,2480.402635800085,37.633273149935576,2.6572230271225075,47.5314377487675,0.475314377487675,ladder_lock_0.48R,9000,1.8296043430949385,2024-08-16 08:15:00+00:00,2024-08-22 14:15:00+00:00,2024-07-04 00:00:00+00:00
1724270400000,1724271300000,1724337000000,1,PULLBACK,2511.942,2472.583283659045,6372.904917754591,2472.5332836590446,39.3587163409552,2.540733268171751,-100.12703666340904,-1.0012703666340905,stop,1095,0.06079974710735074,2024-08-21 20:15:00+00:00,2024-08-22 14:30:00+00:00,2024-07-04 00:00:00+00:00
1724313600000,1724314500000,1725372000000,1,PULLBACK,2507.56,2469.724398942755,6211.93450466722,2477.2783652570074,37.83560105724473,2.6430133843704877,-80.03476592634765,-0.8003476592634765,stop,17625,0.5574775980983504,2024-08-22 08:15:00+00:00,2024-09-03 14:00:00+00:00,2024-07-04 00:00:00+00:00
1724428800000,1724429700000,1725372000000,1,PULLBACK,2510.2885,2472.034429117198,6252.741517397362,2476.7650721562645,38.2540708828019,2.614100870633289,-87.63362191292146,-0.8763362191292146,stop,15705,0.4800534838830981,2024-08-23 16:15:00+00:00,2024-09-03 14:00:00+00:00,2024-07-04 00:00:00+00:00
1724774400000,1724775300000,1725371100000,1,PULLBACK,2512.5800000000004,2478.589763942438,5842.113369698682,2482.327518589917,33.99023605756247,2.94202134491358,-89.0034460450667,-0.8900344604506669,stop,9930,0.4728563806612282,2024-08-27 16:15:00+00:00,2024-09-03 13:45:00+00:00,2024-07-04 00:00:00+00:00
1724788800000,1724789700000,1725245100000,1,PULLBACK,2525.5319999999997,2490.4637450894065,5957.589236148774,2490.4137450894063,35.06825491059317,2.851581872407136,-100.14257909362088,-1.0014257909362088,stop,7590,0.08898361232847743,2024-08-27 20:15:00+00:00,2024-09-02 02:45:00+00:00,2024-07-04 00:00:00+00:00
1724904000000,1724904900000,1725371100000,1,PULLBACK,2517.1085000000003,2483.1209863254044,5838.872353784955,2483.070986325404,33.9875136745959,2.9422569993622507,-100.14711284996865,-1.0014711284996864,stop,7770,0.33153351868812586,2024-08-29 04:15:00+00:00,2024-09-03 13:45:00+00:00,2024-07-04 00:00:00+00:00
1724947200000,1724948100000,1725364800000,1,PULLBACK,2523.0435,2487.824683839983,5968.856299841678,2487.774683839983,35.21881616001701,2.8393912942913553,-100.1419695647151,-1.001419695647151,stop,6945,0.15142473772454743,2024-08-29 16:15:00+00:00,2024-09-03 12:00:00+00:00,2024-07-04 00:00:00+00:00
1725004800000,1725005700000,1725364800000,1,PULLBACK,2519.7815,2486.882763540029,5738.1064095371285,2486.8327635400287,32.89873645997113,3.039630416252398,-100.15198152081318,-1.0015198152081317,stop,5985,0.2055854032032316,2024-08-30 08:15:00+00:00,2024-09-03 12:00:00+00:00,2024-07-04 00:00:00+00:00
1725019200000,1725020100000,1725364800000,1,PULLBACK,2519.8700000000003,2486.835137572884,5759.97138028448,2486.7851375728837,33.03486242711642,3.027105083928418,-100.15135525419697,-1.0015135525419696,stop,5745,0.13823275365757456,2024-08-30 12:15:00+00:00,2024-09-03 12:00:00+00:00,2024-07-04 00:00:00+00:00
1725955200000,1725956100000,1726686900000,1,PULLBACK,2503.1620000000003,2474.9750922468056,5257.465867566256,2557.3001229957404,28.186907753194646,3.5477463819587025,192.06832998417218,1.9206832998417218,ladder_lock_1.92R,12180,3.4268569239934665,2024-09-10 08:15:00+00:00,2024-09-18 19:15:00+00:00,2024-07-04 00:00:00+00:00
1725969600000,1725970500000,1726687800000,1,PULLBACK,2505.0119999999997,2476.7761928006053,5264.806912740085,2557.2262570674734,28.235807199394458,3.5416023099259792,184.92213344123368,1.849221334412337,ladder_lock_1.85R,11955,3.3554025684816473,2024-09-10 12:15:00+00:00,2024-09-18 19:30:00+00:00,2024-07-04 00:00:00+00:00
1725984000000,1725984900000,1726687800000,1,PULLBACK,2513.2424999999994,2483.196857600562,5446.0110975443595,2554.8958101340822,30.045642399437384,3.32826965955877,138.63344833945982,1.386334483394598,ladder_lock_1.39R,11715,2.879352647877519,2024-09-10 16:15:00+00:00,2024-09-18 19:30:00+00:00,2024-07-04 00:00:00+00:00
1726113600000,1726114500000,1726686900000,1,PULLBACK,2516.346,2488.3228433605886,5247.888507301719,2557.6057911474513,28.023156639411354,3.5684773591623675,147.23463055344794,1.4723463055344794,ladder_lock_1.47R,9540,2.97641343811696,2024-09-12 04:15:00+00:00,2024-09-18 19:15:00+00:00,2024-07-04 00:00:00+00:00
1726617600000,1726618500000,1726688700000,1,PULLBACK,2574.515,2542.9971444979383,5652.782694704153,2552.9361926639167,31.517855502061593,3.172804697751691,-68.46534128780334,-0.6846534128780334,stop,1170,0.8008000416890567,2024-09-18 00:15:00+00:00,2024-09-18 19:45:00+00:00,2024-07-04 00:00:00+00:00
1726660800000,1726661700000,1726687800000,1,PULLBACK,2577.886,2546.529276225208,5640.601653704463,2553.1457016336094,31.356723774792044,3.1891086810667035,-78.89950029243653,-0.7889950029243653,stop,435,0.6974102319190878,2024-09-18 12:15:00+00:00,2024-09-18 19:30:00+00:00,2024-07-04 00:00:00+00:00
1726732800000,1726733700000,1727721000000,1,PULLBACK,2584.8595,2541.309893479997,6855.770545480294,2625.288857973329,43.54960652000318,2.2962319981942443,92.8351854448075,0.9283518544480749,ladder_lock_0.93R,16455,2.3041654797480136,2024-09-19 08:15:00+00:00,2024-09-30 18:30:00+00:00,2024-07-04 00:00:00+00:00
1727654400000,1727655300000,1727721000000,1,PULLBACK,2664.0365,2625.1518185936525,6471.619959228427,2625.1018185936523,38.88468140634768,2.571706810581599,-100.12858534052955,-1.0012858534052955,stop,1095,0.04153306499088721,2024-09-30 00:15:00+00:00,2024-09-30 18:30:00+00:00,2024-07-04 00:00:00+00:00
1727798400000,1727799300000,1728398700000,1,PULLBACK,2663.937,2623.688240726624,6603.214168064262,2623.6382407266237,40.24875927337598,2.4845486371588272,-100.1242274318584,-1.001242274318584,stop,9990,0.218727239272277,2024-10-01 16:15:00+00:00,2024-10-08 14:45:00+00:00,2024-07-04 00:00:00+00:00
1727856000000,1727856900000,1728400500000,1,PULLBACK,2655.87,2618.148373526476,6351.311020878888,2618.098373526476,37.721626473523884,2.6509991574776914,-100.13254995787436,-1.0013254995787435,stop,9060,0.3689262977503901,2024-10-02 08:15:00+00:00,2024-10-08 15:15:00+00:00,2024-07-04 00:00:00+00:00
1727899200000,1727900100000,1728398700000,1,PULLBACK,2659.0865,2620.380155844631,6450.014571381528,2620.330155844631,38.7063441553687,2.5835558015656632,-100.12917779007876,-1.0012917779007875,stop,8310,0.27644047076753303,2024-10-02 20:15:00+00:00,2024-10-08 14:45:00+00:00,2024-07-04 00:00:00+00:00
1728979200000,1728980100000,1730190600000,1,PULLBACK,2651.15,2615.6620419422234,6129.957847719873,2749.7599999999998,35.48795805777672,2.8178572527952563,277.8689036981393,2.778689036981393,timeout,20175,3.0147127604755295,2024-10-15 08:15:00+00:00,2024-10-29 08:30:00+00:00,2024-10-04 00:00:00+00:00
1729008000000,1729008900000,1730219400000,1,PULLBACK,2665.1009999999997,2628.07486269508,6289.588593187032,2768.4045,37.02613730491976,2.7007948243824167,279.0015581405902,2.790015581405902,timeout,20175,2.871323009593943,2024-10-15 16:15:00+00:00,2024-10-29 16:30:00+00:00,2024-10-04 00:00:00+00:00
1729800000000,1729800900000,1730894400000,1,PULLBACK,2737.5160000000005,2700.2172252086957,6385.494704339155,2700.1672252086955,37.29877479130482,2.6810532131289264,-100.13405266065693,-1.0013405266065694,stop,18225,1.400823493327703,2024-10-24 20:15:00+00:00,2024-11-06 12:00:00+00:00,2024-10-04 00:00:00+00:00
1729872000000,1729872900000,1730875500000,1,PULLBACK,2737.592,2701.2983596304966,6291.612396580861,2701.2483596304965,36.293640369503464,2.7553036560098616,-100.13776518280099,-1.00137765182801,stop,16710,1.4375245764500064,2024-10-25 16:15:00+00:00,2024-11-06 06:45:00+00:00,2024-10-04 00:00:00+00:00
1730102400000,1730103300000,1730875500000,1,PULLBACK,2739.35,2702.7055507085693,6326.6504798516,2702.655550708569,36.64444929143065,2.728926261238292,-100.13644631306242,-1.0013644631306242,stop,12870,1.3757881746032714,2024-10-28 08:15:00+00:00,2024-11-06 06:45:00+00:00,2024-10-04 00:00:00+00:00
1730131200000,1730132100000,1730875500000,1,PULLBACK,2741.2235,2703.891224845654,6399.918740280213,2703.841224845654,37.33227515434601,2.678647352366323,-100.1339323676188,-1.001339323676188,stop,12390,1.3002556045488816,2024-10-28 16:15:00+00:00,2024-11-06 06:45:00+00:00,2024-10-04 00:00:00+00:00
1732809600000,1732810500000,1733841900000,-1,PULLBACK,2637.805,2686.6592584499112,-2156.266586541215,2686.7092584499114,48.85425844991141,2.046904470006981,-100.1023452235007,-1.001023452235007,stop,17190,0.495238301995831,2024-11-28 16:15:00+00:00,2024-12-10 14:45:00+00:00,2024-10-04 00:00:00+00:00
1732824000000,1732835700000,1733841000000,-1,PULLBACK,2637.9175000000005,2683.571454274918,-1922.073973216845,2683.621454274918,45.653954274917396,2.190390768734368,-100.10951953843711,-1.0010951953843712,stop,16755,0.5324182841562681,2024-11-28 23:15:00+00:00,2024-12-10 14:30:00+00:00,2024-10-04 00:00:00+00:00
1733169600000,1733170500000,1733839200000,-1,PULLBACK,2637.28,2682.1172129315823,-1759.604080226677,2682.1672129315825,44.837212931582144,2.2302902759052325,-100.11151451379567,-1.0011151451379567,stop,11145,0.5278985568553883,2024-12-02 20:15:00+00:00,2024-12-10 14:00:00+00:00,2024-10-04 00:00:00+00:00
1733198400000,1733199300000,1733841000000,-1,PULLBACK,2640.1150000000002,2683.0337856399874,-1564.8447783587035,2683.0837856399876,42.91878563998716,2.329982046529076,-100.11649910232688,-1.001164991023269,stop,10695,0.617550091522299,2024-12-03 04:15:00+00:00,2024-12-10 14:30:00+00:00,2024-10-04 00:00:00+00:00
1733241600000,1733242500000,1733841000000,-1,PULLBACK,2640.0979999999995,2683.035200820354,-1566.4848812150476,2683.085200820354,42.93720082035452,2.328982748977774,-100.11644913744931,-1.001164491374493,stop,9975,0.616889305635471,2024-12-03 16:15:00+00:00,2024-12-10 14:30:00+00:00,2024-10-04 00:00:00+00:00
1733472000000,1733472900000,1733839200000,-1,PULLBACK,2639.3600000000006,2680.2912423287135,-1366.2829905426306,2680.3412423287136,40.93124232871287,2.443121545075874,-100.12215607725423,-1.0012215607725423,stop,6105,0.3648435559339302,2024-12-06 08:15:00+00:00,2024-12-10 14:00:00+00:00,2024-10-04 00:00:00+00:00
1733486400000,1733487300000,1733832900000,-1,PULLBACK,2638.0350000000003,2678.9421178766625,-1363.2696697895822,2678.9921178766626,40.90711787666214,2.4445623449079714,-100.12222811724584,-1.0012222811724585,stop,5760,0.33266826670681915,2024-12-06 12:15:00+00:00,2024-12-10 12:15:00+00:00,2024-10-04 00:00:00+00:00
1733500800000,1733501700000,1733832900000,-1,PULLBACK,2637.235,2679.356609456901,-1492.3043362331905,2679.406609456901,42.12160945690084,2.3740783243888335,-100.11870391621987,-1.0011870391621986,stop,5520,0.2190918181662167,2024-12-06 16:15:00+00:00,2024-12-10 12:15:00+00:00,2024-10-04 00:00:00+00:00
1733515200000,1733516100000,1733756400000,-1,PULLBACK,2634.45,2675.4532444956935,-1382.871205073679,2675.5032444956937,41.00324449569371,2.4388313956594905,-100.12194156978342,-1.0012194156978342,stop,4005,0.1571461009793047,2024-12-06 20:15:00+00:00,2024-12-09 15:00:00+00:00,2024-10-04 00:00:00+00:00
1733702400000,1733703300000,1733832900000,-1,PULLBACK,2639.685,2679.374983774348,-1246.123393660464,2679.424983774348,39.68998377434809,2.5195273590570397,-100.12597636795331,-1.001259763679533,stop,2160,0.29424300262746456,2024-12-09 00:15:00+00:00,2024-12-10 12:15:00+00:00,2024-10-04 00:00:00+00:00
1733716800000,1733717700000,1733839200000,-1,PULLBACK,2638.435,2680.2834492190373,-1458.6114726847122,2680.3334492190374,41.84844921903732,2.389574807816508,-100.11947874039126,-1.0011947874039127,stop,2025,0.07833026220023104,2024-12-09 04:15:00+00:00,2024-12-10 14:00:00+00:00,2024-10-04 00:00:00+00:00
1735027200000,1735028100000,1735832700000,-1,PULLBACK,2618.0829999999996,2653.7658795101624,-880.8220715060665,2653.8158795101626,35.68287951016282,2.802464413543729,-100.1401232206777,-1.001401232206777,stop,13410,0.6000496679058945,2024-12-24 08:15:00+00:00,2025-01-02 15:45:00+00:00,2024-10-04 00:00:00+00:00
1735041600000,1735042500000,1735828200000,-1,PULLBACK,2614.636,2649.5921738308652,-790.7752092556289,2649.6421738308654,34.95617383086528,2.860724989063389,-100.14303624945369,-1.0014303624945369,stop,13095,0.5139149406602808,2024-12-24 12:15:00+00:00,2025-01-02 14:30:00+00:00,2024-10-04 00:00:00+00:00
1735545600000,1735546500000,1735813800000,-1,PULLBACK,2616.2679999999996,2645.6001676828055,-227.56660059772776,2645.6501676828057,29.332167682805903,3.4092263852227522,-100.17046131926176,-1.0017046131926177,stop,4455,0.6680890485801493,2024-12-30 08:15:00+00:00,2025-01-02 10:30:00+00:00,2024-10-04 00:00:00+00:00
1735574400000,1735575300000,1735781400000,-1,PULLBACK,2601.045,2633.158223665276,-526.1641428623352,2633.2082236652764,32.11322366527611,3.1139819858113333,-100.15569909929114,-1.0015569909929114,stop,3435,0.13619000214944915,2024-12-30 16:15:00+00:00,2025-01-02 01:30:00+00:00,2024-10-04 00:00:00+00:00
1735646400000,1735647300000,1735813800000,-1,PULLBACK,2610.505,2641.4055844799623,-387.65286351628174,2641.4555844799625,30.900584479962163,3.2361847415813814,-100.16180923707965,-1.0016180923707965,stop,2775,0.14773183345319182,2024-12-31 12:15:00+00:00,2025-01-02 10:30:00+00:00,2024-10-04 00:00:00+00:00
1736524800000,1736525700000,1736793000000,1,PULLBACK,2693.3165,2657.896348762556,6135.21147250697,2657.846348762556,35.42015123744386,2.823251638019167,-100.14116258190147,-1.0014116258190147,stop,4455,0.12011524093952566,2025-01-10 16:15:00+00:00,2025-01-13 18:30:00+00:00,2025-01-04 00:00:00+00:00
1736884800000,1736885700000,1738096200000,1,PULLBACK,2674.743,2641.4345418776156,5928.630354116086,2762.388,33.30845812238431,3.0022404409286336,263.13136344519006,2.631313634451901,timeout,20175,3.3274431254900336,2025-01-14 20:15:00+00:00,2025-01-28 20:30:00+00:00,2025-01-04 00:00:00+00:00
1736913600000,1736914500000,1738125000000,1,PULLBACK,2676.6549999999997,2644.820436618964,5780.076774722545,2763.1800000000003,31.834563381035878,3.141239878275537,271.79578046779255,2.7179578046779254,timeout,20175,3.421438475417731,2025-01-15 04:15:00+00:00,2025-01-29 04:30:00+00:00,2025-01-04 00:00:00+00:00
1737158400000,1737328500000,1738539000000,1,PULLBACK,2704.6005,2671.7004507206047,5826.455378660125,2789.75,32.90004927939526,3.0395091250707726,258.81268224521375,2.5881268224521374,timeout,20175,3.406970580746205,2025-01-19 23:15:00+00:00,2025-02-02 23:30:00+00:00,2025-01-04 00:00:00+00:00
1737345600000,1737346500000,1738557000000,1,PULLBACK,2704.118,2670.8743835295013,5941.936030579383,2778.7999999999997,33.24361647049864,3.008096308918223,224.6506485426301,2.246506485426301,timeout,20175,3.3862741768754256,2025-01-20 04:15:00+00:00,2025-02-03 04:30:00+00:00,2025-01-04 00:00:00+00:00
1737432000000,1737432900000,1738643400000,1,PULLBACK,2724.6800000000003,2690.8421087046595,6043.631238238699,2819.775,33.837891295340796,2.955266896722054,281.0311055437831,2.8103110554378308,timeout,20175,3.1184419584245573,2025-01-21 04:15:00+00:00,2025-02-04 04:30:00+00:00,2025-01-04 00:00:00+00:00
1737979200000,1737980100000,1737997200000,1,PULLBACK,2771.9584999999997,2736.079897430494,6276.590154381077,2736.0298974304937,35.8786025695058,2.787176557567287,-100.13935882787888,-1.0013935882787888,stop,285,0.0,2025-01-27 12:15:00+00:00,2025-01-27 17:00:00+00:00,2025-01-04 00:00:00+00:00
1738180800000,1738181700000,1739392200000,1,PULLBACK,2755.7000000000003,2723.031586115109,5943.372974604245,2899.2164999999995,32.66841388489138,3.061060765066663,439.3127272896875,4.393127272896875,timeout,20175,5.712811789932445,2025-01-29 20:15:00+00:00,2025-02-12 20:30:00+00:00,2025-01-04 00:00:00+00:00
1738195200000,1738196100000,1739406600000,1,PULLBACK,2760.8599999999997,2728.701472821172,5889.05419070395,2905.94,32.158527178827626,3.109595145446758,451.1400637014168,4.511400637014168,timeout,20175,5.6429356665150765,2025-01-30 00:15:00+00:00,2025-02-13 00:30:00+00:00,2025-01-04 00:00:00+00:00
1738569600000,1738570500000,1739781000000,1,PULLBACK,2789.8920000000007,2750.841632303931,6606.028401910833,2898.968,39.05036769606977,2.560795349695632,279.3213135633985,2.793213135633985,timeout,20175,3.903586803238777,2025-02-03 08:15:00+00:00,2025-02-17 08:30:00+00:00,2025-01-04 00:00:00+00:00
1738944000000,1738944900000,1739357100000,1,PULLBACK,2881.157,2834.3543915890714,7437.415232681962,2881.107,46.80260841092877,2.1366330509187867,-0.10683165254632798,-0.0010683165254632798,breakeven,6870,1.3070104867427936,2025-02-07 16:15:00+00:00,2025-02-12 10:45:00+00:00,2025-01-04 00:00:00+00:00
1739145600000,1739146500000,1739367900000,1,PULLBACK,2868.2135,2821.393152084981,7438.227943586839,2868.1634999999997,46.82034791501883,2.135823513774498,-0.1067911756891134,-0.001067911756891134,breakeven,3690,1.5829655972339838,2025-02-10 00:15:00+00:00,2025-02-12 13:45:00+00:00,2025-01-04 00:00:00+00:00
1739289600000,1739290500000,1740501000000,1,PULLBACK,2905.3450000000003,2851.5964831008273,8175.448173018117,2894.5699999999997,53.748516899172955,1.8605164527160885,-20.047064778016868,-0.20047064778016868,timeout,20175,0.9387235762178926,2025-02-11 16:15:00+00:00,2025-02-25 16:30:00+00:00,2025-01-04 00:00:00+00:00
1739347200000,1739348100000,1740500100000,1,PULLBACK,2893.465,2844.897188667293,7645.178321938014,2893.415,48.56781133270715,2.058976866693944,-0.10294884333507173,-0.0010294884333507174,breakeven,19200,1.2834632298536615,2025-02-12 08:15:00+00:00,2025-02-25 16:15:00+00:00,2025-01-04 00:00:00+00:00
1739851200000,1739852100000,1740498300000,1,PULLBACK,2909.6835,2865.4223818757223,7233.534194303519,2909.6335,44.2611181242778,2.25931933574784,-0.11296596678780296,-0.0011296596678780297,breakeven,10770,1.0419190014701443,2025-02-18 04:15:00+00:00,2025-02-25 15:45:00+00:00,2025-01-04 00:00:00+00:00
1739995200000,1739996100000,1740500100000,1,PULLBACK,2932.3749999999995,2891.878340486082,6889.5442918778845,2891.8283404860817,40.49665951391762,2.469339476398854,-100.1234669738204,-1.001234669738204,stop,8400,0.578442772346436,2025-02-19 20:15:00+00:00,2025-02-25 16:15:00+00:00,2025-01-04 00:00:00+00:00
1740369600000,1740370500000,1740500100000,1,PULLBACK,2941.96,2899.4146202608263,7075.952594178222,2899.364620260826,42.54537973917377,2.3504314831141286,-100.11752157415613,-1.0011752157415612,stop,2160,0.3252997172629881,2025-02-24 04:15:00+00:00,2025-02-25 16:15:00+00:00,2025-01-04 00:00:00+00:00
1740398400000,1740399300000,1740498300000,1,PULLBACK,2948.3050000000003,2906.9317133881614,6997.260374572035,2906.881713388161,41.37328661183892,2.417018520626425,-100.12085092603175,-1.0012085092603176,stop,1650,0.18115553812093696,2025-02-24 12:15:00+00:00,2025-02-25 15:45:00+00:00,2025-01-04 00:00:00+00:00
1741276800000,1741277700000,1742488200000,1,PULLBACK,2915.1965,2865.1061072671255,7811.645380554579,3038.135,50.090392732874534,1.9963908155659076,245.43329227944974,2.4543329227944977,timeout,20175,2.8301534938247666,2025-03-06 16:15:00+00:00,2025-03-20 16:30:00+00:00,2025-01-04 00:00:00+00:00
1741334400000,1741335300000,1742545800000,1,PULLBACK,2917.725,2871.9213173458033,7405.789582765499,3028.37,45.803682654196564,2.183230565868876,241.56354596056175,2.4156354596056175,timeout,20175,3.039821078387523,2025-03-07 08:15:00+00:00,2025-03-21 08:30:00+00:00,2025-01-04 00:00:00+00:00
1741392000000,1741558500000,1742769000000,1,PULLBACK,2912.36,2864.738764621863,7380.862302435577,3023.7250000000004,47.621235378137044,2.099903524256536,233.85575597882962,2.3385575597882964,timeout,20175,3.0364604960749393,2025-03-09 22:15:00+00:00,2025-03-23 22:30:00+00:00,2025-01-04 00:00:00+00:00
1741564800000,1741565700000,1742776200000,1,PULLBACK,2916.8084999999996,2872.72467429173,7220.907245118749,3022.108,44.083825708269615,2.2684056656462364,238.86198238971707,2.3886198238971708,timeout,20175,3.1792045664881834,2025-03-10 00:15:00+00:00,2025-03-24 00:30:00+00:00,2025-01-04 00:00:00+00:00
1741795200000,1741796100000,1743006600000,1,PULLBACK,2929.217,2886.6869108648625,7062.495824378606,3018.7099999999996,42.53008913513759,2.3512765205418256,210.4227896528484,2.1042278965284837,timeout,20175,3.003591165635732,2025-03-12 16:15:00+00:00,2025-03-26 16:30:00+00:00,2025-01-04 00:00:00+00:00
1742544000000,1742544900000,1743755400000,1,PULLBACK,3032.51,2993.590173688749,6837.072804813837,3084.2014999999997,38.9198263112512,2.569384539393264,132.8153409180455,1.328153409180455,timeout,20175,3.4603957099640454,2025-03-21 08:15:00+00:00,2025-04-04 08:30:00+00:00,2025-01-04 00:00:00+00:00
1742558400000,1742559300000,1743769800000,1,PULLBACK,3034.945,2996.4348041395524,6792.954390184275,3096.4065,38.510195860447766,2.5967149157687324,159.59799379551964,1.5959799379551964,timeout,20175,3.4339737060600313,2025-03-21 12:15:00+00:00,2025-04-04 12:30:00+00:00,2025-01-04 00:00:00+00:00
1742947200000,1742948100000,1743781500000,1,PULLBACK,3021.6549999999997,2983.6850262725134,6722.182399021169,3021.6049999999996,37.969973727486376,2.6336599734755737,-0.13168299867425776,-0.0013168299867425777,breakeven,13890,3.832844369198204,2025-03-26 00:15:00+00:00,2025-04-04 15:45:00+00:00,2025-01-04 00:00:00+00:00
1742976000000,1742976900000,1743778800000,1,PULLBACK,3031.045,2992.4314843880343,6805.78304558458,3030.995,38.613515611965795,2.5897667802361766,-0.1294883390122799,-0.001294883390122799,breakeven,13365,3.525786187616927,2025-03-26 08:15:00+00:00,2025-04-04 15:00:00+00:00,2025-01-04 00:00:00+00:00
1743048000000,1743048900000,1743778800000,1,PULLBACK,3034.2855000000004,2997.3047732732016,6640.8274459530185,3034.2355000000002,36.98072672679882,2.7041112723058793,-0.13520556361578584,-0.0013520556361578584,breakeven,12165,3.5938314836763006,2025-03-27 04:15:00+00:00,2025-04-04 15:00:00+00:00,2025-01-04 00:00:00+00:00
1743537600000,1743538500000,1743684300000,1,PULLBACK,3119.3450000000003,3067.535389068456,8195.64648222286,3067.485389068456,51.809610931544285,1.9301438131262822,-100.09650719065667,-1.0009650719065666,stop,2430,0.9234387045139955,2025-04-01 20:15:00+00:00,2025-04-03 12:45:00+00:00,2025-01-04 00:00:00+00:00
1743638400000,1743639300000,1743677100000,1,PULLBACK,3163.4350000000004,3100.785321144866,9304.103206658256,3100.735321144866,62.649678855134425,1.596177375964387,-100.07980886879851,-1.000798088687985,stop,630,0.013064711822258983,2025-04-03 00:15:00+00:00,2025-04-03 10:45:00+00:00,2025-01-04 00:00:00+00:00
1745913600000,1745914500000,1746072900000,1,PULLBACK,3323.7550000000006,3225.074945064438,13025.58043862062,3225.024945064438,98.68005493556257,1.0133760065830866,-100.05066880032933,-1.0005066880032933,stop,2640,0.058188050297998145,2025-04-29 08:15:00+00:00,2025-05-01 04:15:00+00:00,2025-04-04 00:00:00+00:00
1747972800000,1747973700000,1749184200000,1,PULLBACK,3302.849,3228.8081419894324,10565.143943046189,3371.5415,74.04085801056772,1.350605634334048,92.77647753649113,0.9277647753649113,timeout,20175,1.3516996248978606,2025-05-23 04:15:00+00:00,2025-06-06 04:30:00+00:00,2025-04-04 00:00:00+00:00
1749052800000,1749053700000,1749429000000,1,PULLBACK,3372.3549999999996,3306.5574412520855,9825.963316043551,3306.5074412520853,65.79755874791408,1.5198132256414485,-100.07599066128236,-1.0007599066128237,stop,6255,0.4646828937398839,2025-06-04 16:15:00+00:00,2025-06-09 00:30:00+00:00,2025-04-04 00:00:00+00:00
1749182400000,1749183300000,1749429000000,1,PULLBACK,3370.34,3304.2737626924027,9851.047493452166,3304.2237626924025,66.06623730759748,1.5136324403402979,-100.07568162201729,-1.0007568162201728,stop,4095,0.07136776956204725,2025-06-06 04:15:00+00:00,2025-06-09 00:30:00+00:00,2025-04-04 00:00:00+00:00
1749672000000,1749672900000,1750883400000,1,PULLBACK,3347.4065,3283.8341981394783,9584.064384191675,3332.3100000000004,63.57230186052175,1.5730120991906347,-23.746977155430866,-0.23746977155430865,timeout,20175,1.6314259034940835,2025-06-11 20:15:00+00:00,2025-06-25 20:30:00+00:00,2025-04-04 00:00:00+00:00
1752537600000,1752538500000,1753711200000,1,PULLBACK,3345.9720000000007,3301.5937141078293,7677.372303324854,3301.543714107829,44.378285892171334,2.2533542697655378,-100.11266771348869,-1.001126677134887,stop,19545,2.0832147556268845,2025-07-15 00:15:00+00:00,2025-07-28 14:00:00+00:00,2025-07-04 00:00:00+00:00
1752552000000,1752552900000,1752756300000,1,PULLBACK,3358.537,3314.420984528699,7669.822531658789,3314.370984528699,44.11601547130067,2.266750497108113,-100.11333752485581,-1.001133375248558,stop,3390,0.4167874139032726,2025-07-15 04:15:00+00:00,2025-07-17 12:45:00+00:00,2025-07-04 00:00:00+00:00
1752696000000,1752696900000,1753889400000,1,PULLBACK,3347.762,3296.4544023167964,8363.514170637161,3296.404402316796,51.30759768320377,1.9490290817637783,-100.09745145408854,-1.0009745145408855,stop,19875,1.7669800203816366,2025-07-16 20:15:00+00:00,2025-07-30 15:30:00+00:00,2025-07-04 00:00:00+00:00
1752825600000,1752826500000,1753711200000,1,PULLBACK,3350.4799999999996,3304.8527113263085,7811.581578695445,3304.8027113263083,45.627288673691055,2.1916708817646784,-100.10958354408864,-1.0010958354408863,stop,14745,1.9273882484871026,2025-07-18 08:15:00+00:00,2025-07-28 14:00:00+00:00,2025-07-04 00:00:00+00:00
1754409600000,1754410500000,1754999100000,1,PULLBACK,3390.0835,3335.6513176156686,8727.169556048812,3335.6013176156684,54.432182384331554,1.8371484592318177,-100.09185742296192,-1.0009185742296192,stop,9810,0.2886986946259764,2025-08-05 16:15:00+00:00,2025-08-12 11:45:00+00:00,2025-07-04 00:00:00+00:00
1754496000000,1754496900000,1755473400000,1,PULLBACK,3378.0670000000005,3328.593862399711,8219.207622428634,3328.5438623997106,49.47313760028965,2.021298928075557,-100.10106494640415,-1.0010106494640416,stop,16275,0.5605264057446189,2025-08-06 16:15:00+00:00,2025-08-17 23:30:00+00:00,2025-07-04 00:00:00+00:00
1754539200000,1754540100000,1755009000000,1,PULLBACK,3380.6165000000005,3333.1399864038503,7997.291346018841,3333.08998640385,47.4765135961502,2.106304621494129,-100.1053152310751,-1.0010531523107509,stop,7815,0.5303990982615279,2025-08-07 04:15:00+00:00,2025-08-12 14:30:00+00:00,2025-07-04 00:00:00+00:00
1754668800000,1754669700000,1754923500000,1,PULLBACK,3396.044,3341.659506522732,8716.5088542495,3341.609506522732,54.384493477267824,1.8387594258241828,-100.09193797129154,-1.0009193797129154,stop,4230,0.14885676931760328,2025-08-08 16:15:00+00:00,2025-08-11 14:45:00+00:00,2025-07-04 00:00:00+00:00
1754683200000,1754684100000,1754923500000,1,PULLBACK,3399.1115,3342.485684628252,8944.067221803105,3342.4356846282517,56.625815371748104,1.7659789857947414,-100.08829894929005,-1.0008829894929006,stop,3990,0.08879342340576397,2025-08-08 20:15:00+00:00,2025-08-11 14:45:00+00:00,2025-07-04 00:00:00+00:00
1755835200000,1755836100000,1755873000000,-1,PULLBACK,3331.571,3363.427567852297,221.52078262256146,3363.4775678522974,31.856567852297303,3.1390701114962893,-100.15695350557539,-1.0015695350557539,stop,615,0.3015390749103262,2025-08-22 04:15:00+00:00,2025-08-22 14:30:00+00:00,2025-07-04 00:00:00+00:00
1756180800000,1756181700000,1756776600000,1,PULLBACK,3372.855,3332.2309293897147,7340.287990418237,3494.727211830856,40.624070610285344,2.4615947761444086,300.0,3.0,target,9915,2.866773276297779,2025-08-26 04:15:00+00:00,2025-09-02 01:30:00+00:00,2025-07-04 00:00:00+00:00
1757606400000,1757607300000,1758817800000,1,PULLBACK,3633.7300000000005,3575.779830578296,9315.296772748741,3737.165,57.950169421704686,1.72562049426116,178.4895558239022,1.784895558239022,timeout,20175,2.706722026273335,2025-09-11 16:15:00+00:00,2025-09-25 16:30:00+00:00,2025-07-04 00:00:00+00:00
1757908800000,1757909700000,1758619800000,1,PULLBACK,3646.825,3599.556950767332,8262.361874034155,3788.6291476980027,47.268049232667636,2.1155939714746794,300.0,3.0,target,11835,2.916409757496991,2025-09-15 04:15:00+00:00,2025-09-23 09:30:00+00:00,2025-07-04 00:00:00+00:00
1757952000000,1757952900000,1758204000000,1,PULLBACK,3681.09,3628.8638632783627,8791.977535442073,3628.8138632783625,52.22613672163743,1.9147500902277101,-100.09573750451173,-1.0009573750451173,stop,4185,0.48997497433882076,2025-09-15 16:15:00+00:00,2025-09-18 14:00:00+00:00,2025-07-04 00:00:00+00:00
1758124800000,1758125700000,1758176100000,1,PULLBACK,3684.8399999999997,3637.19205978014,8344.986081766128,3637.14205978014,47.64794021985972,2.098726608927365,-100.10493633044675,-1.0010493633044675,stop,840,0.45835139775670236,2025-09-17 16:15:00+00:00,2025-09-18 06:15:00+00:00,2025-07-04 00:00:00+00:00
1758153600000,1758154500000,1759194900000,1,PULLBACK,3669.8170000000005,3612.604390830835,9261.81530774732,3841.4548275074962,57.21260916916526,1.7478664485362259,300.0,3.0,target,17340,2.9791160108785952,2025-09-18 00:15:00+00:00,2025-09-30 01:15:00+00:00,2025-07-04 00:00:00+00:00
1758787200000,1758788100000,1759727700000,1,PULLBACK,3752.9435,3689.8986876970357,9937.879917993465,3942.0779369088923,63.04481230296415,1.5861733320649183,300.0,3.0,target,15660,2.965454145561953,2025-09-25 08:15:00+00:00,2025-10-06 05:15:00+00:00,2025-07-04 00:00:00+00:00
1758830400000,1758831300000,1759738500000,1,PULLBACK,3747.245,3680.634915586876,10286.643356899274,3947.0752532393712,66.61008441312379,1.5012741821461737,300.0,3.0,target,15120,2.9633651081383303,2025-09-25 20:15:00+00:00,2025-10-06 08:15:00+00:00,2025-07-04 00:00:00+00:00
1758859200000,1758860100000,1759726800000,1,PULLBACK,3746.2720000000004,3681.7833455825617,10067.948787326399,3939.7379632523166,64.48865441743874,1.5506603588391579,300.0,3.0,target,14445,2.9953563420570393,2025-09-26 04:15:00+00:00,2025-10-06 05:00:00+00:00,2025-07-04 00:00:00+00:00
1758873600000,1758874500000,1759725900000,1,PULLBACK,3748.6900000000005,3685.627749469521,9933.85280251738,3937.876751591439,63.06225053047956,1.5857347170264326,300.0,3.0,target,14190,2.9367014091970973,2025-09-26 08:15:00+00:00,2025-10-06 04:45:00+00:00,2025-07-04 00:00:00+00:00
1758888000000,1758888900000,1759725000000,1,PULLBACK,3749.2985,3688.1074816502696,9752.209316623273,3932.8715550491906,61.19101834973026,1.634226765576305,300.0,3.0,target,13935,2.998912339572281,2025-09-26 12:15:00+00:00,2025-10-06 04:30:00+00:00,2025-07-04 00:00:00+00:00
1759435200000,1759436100000,1760366700000,1,PULLBACK,3856.187,3775.6162294703363,11774.993282436677,4097.899311588991,80.5707705296636,1.2411448884329979,300.0,3.0,target,15510,2.9818257715625034,2025-10-02 20:15:00+00:00,2025-10-13 14:45:00+00:00,2025-07-04 00:00:00+00:00
1759478400000,1759479300000,1760364900000,1,PULLBACK,3864.92,3788.200751875485,11407.125564327025,4095.0777443735456,76.71924812451516,1.3034538586418396,300.0,3.0,target,14760,2.999723089393278,2025-10-03 08:15:00+00:00,2025-10-13 14:15:00+00:00,2025-07-04 00:00:00+00:00
1760126400000,1760127300000,1761056100000,1,PULLBACK,4011.76,3908.6388264951743,14160.756176977746,4166.391760257239,103.12117350482595,0.9697329520335619,149.95151335239836,1.4995151335239836,ladder_lock_1.50R,15480,3.5808310500143716,2025-10-10 20:15:00+00:00,2025-10-21 14:15:00+00:00,2025-10-04 00:00:00+00:00
1760745600000,1760912100000,1761057900000,1,PULLBACK,4250.3505000000005,4103.735018091323,18965.53320895898,4103.6850180913225,146.6154819086778,0.6820562105595839,-100.03410281052811,-1.0003410281052811,stop,2430,0.8912360297761017,2025-10-19 22:15:00+00:00,2025-10-21 14:45:00+00:00,2025-10-04 00:00:00+00:00
1760932800000,1760933700000,1761057900000,1,PULLBACK,4265.578,4117.2251610073145,18867.409060275833,4117.175161007314,148.35283899268597,0.6740686641320707,-100.03370343320672,-1.0003370343320672,stop,2070,0.7781549769040237,2025-10-20 04:15:00+00:00,2025-10-21 14:45:00+00:00,2025-10-04 00:00:00+00:00
1764763200000,1764764100000,1765974600000,1,PULLBACK,4209.42,4125.008854400415,12500.623414358879,4320.737999999999,84.41114559958532,1.1846776783999868,131.8759498041289,1.3187594980412891,timeout,20175,1.7002494040396554,2025-12-03 12:15:00+00:00,2025-12-17 12:30:00+00:00,2025-10-04 00:00:00+00:00
1764878400000,1764879300000,1766089800000,1,PULLBACK,4209.4400000000005,4129.493194940968,12084.173700844163,4331.8099999999995,79.94680505903216,1.2508317239964837,153.06427806544843,1.5306427806544844,timeout,20175,2.0591191840429985,2025-12-04 20:15:00+00:00,2025-12-18 20:30:00+00:00,2025-10-04 00:00:00+00:00
1764907200000,1764908100000,1766118600000,1,PULLBACK,4210.245000000001,4136.319992066447,11468.820785421736,4316.884999999999,73.92500793355339,1.3527222085641684,144.2542963212809,1.4425429632128088,timeout,20175,2.2159618859593744,2025-12-05 04:15:00+00:00,2025-12-19 04:30:00+00:00,2025-10-04 00:00:00+00:00
1765310400000,1765311300000,1766521800000,1,PULLBACK,4213.1900000000005,4144.162742534805,10993.888489054307,4491.383,69.02725746519536,1.448703072846572,403.01905394440536,4.030190539444053,timeout,20175,4.112360977735919,2025-12-09 20:15:00+00:00,2025-12-23 20:30:00+00:00,2025-10-04 00:00:00+00:00
1765468800000,1765469700000,1766704500000,1,PULLBACK,4256.735,4182.285202756049,11562.264927151087,4487.594499999999,74.44979724395034,1.3431870025425197,310.08747981346426,3.1008747981346425,timeout,20580,3.6085121779405585,2025-12-11 16:15:00+00:00,2025-12-25 23:15:00+00:00,2025-10-04 00:00:00+00:00
1765900800000,1765901700000,1767022200000,1,PULLBACK,4320.470000000001,4232.9543265894845,12927.02166764108,4320.420000000001,87.51567341051668,1.1426524655866166,-0.05713262327953868,-0.0005713262327953867,breakeven,18675,2.615760024220873,2025-12-16 16:15:00+00:00,2025-12-29 15:30:00+00:00,2025-10-04 00:00:00+00:00
1766073600000,1766074500000,1767021300000,1,PULLBACK,4338.945000000001,4265.625192088516,11534.755983236979,4338.895,73.31980791148453,1.3638879158102157,-0.06819439579075888,-0.0006819439579075888,breakeven,15780,2.8702339244268043,2025-12-18 16:15:00+00:00,2025-12-29 15:15:00+00:00,2025-10-04 00:00:00+00:00
1766131200000,1766132100000,1767008700000,1,PULLBACK,4323.185,4249.095774618391,11609.518312779288,4434.268838072414,74.08922538160914,1.3497239238895131,149.93251380380528,1.4993251380380528,ladder_lock_1.50R,14610,3.0531430020342722,2025-12-19 08:15:00+00:00,2025-12-29 11:45:00+00:00,2025-10-04 00:00:00+00:00
1766160000000,1766160900000,1767021300000,1,PULLBACK,4348.545000000001,4275.642086278102,11505.93345846784,4348.495000000001,72.90291372189859,1.371687287856123,-0.06858436439305567,-0.0006858436439305567,breakeven,14340,2.754965333294621,2025-12-19 16:15:00+00:00,2025-12-29 15:15:00+00:00,2025-10-04 00:00:00+00:00
1768464000000,1768464900000,1769675400000,1,PULLBACK,4602.53,4502.549342060212,14433.61513603893,5529.639,99.9806579397873,1.0001934580208938,927.2883566722932,9.272883566722932,timeout,20175,9.946423843288786,2026-01-15 08:15:00+00:00,2026-01-29 08:30:00+00:00,2026-01-04 00:00:00+00:00
1768550400000,1768551300000,1769761800000,1,PULLBACK,4608.315,4517.664462628218,13514.718199806508,5150.994,90.65053737178187,1.1031374209054439,598.6495124395454,5.9864951243954545,timeout,20175,10.906333582394817,2026-01-16 08:15:00+00:00,2026-01-30 08:30:00+00:00,2026-01-04 00:00:00+00:00
1768564800000,1768565700000,1769776200000,1,PULLBACK,4613.435,4525.385751011916,13255.810649820323,5118.479999999999,88.0492489880844,1.1357280289072411,573.5937623594556,5.735937623594555,timeout,20175,11.170396241915727,2026-01-16 12:15:00+00:00,2026-01-30 12:30:00+00:00,2026-01-04 00:00:00+00:00
1769716800000,1769717700000,1769762700000,1,PULLBACK,5307.02,5105.845,25105.845,5105.795,201.17500000000018,0.4970796570150362,-100.02485398285084,-1.0002485398285084,stop,750,0.7116192369827251,2026-01-29 20:15:00+00:00,2026-01-30 08:45:00+00:00,2026-01-04 00:00:00+00:00
1772078400000,1772079300000,1772536500000,1,PULLBACK,5193.6935,5052.6349616512525,19073.98879652597,5193.6435,141.0585383487478,0.7089255366645285,-0.03544627683335538,-0.0003544627683335538,breakeven,7620,1.593675240304907,2026-02-26 04:15:00+00:00,2026-03-03 11:15:00+00:00,2026-01-04 00:00:00+00:00
1772121600000,1772122500000,1772536500000,1,PULLBACK,5186.5115000000005,5049.372361424126,18686.28621901149,5186.4615,137.1391385758743,0.7291864382294736,-0.03645932191160632,-0.0003645932191160632,breakeven,6900,1.6915922209300664,2026-02-26 16:15:00+00:00,2026-03-03 11:15:00+00:00,2026-01-04 00:00:00+00:00
1772136000000,1772136900000,1772536500000,1,PULLBACK,5187.548500000001,5053.278299893832,18436.448310510666,5187.498500000001,134.2702001061689,0.7447668948205106,-0.037238344741161,-0.00037238344741161,breakeven,6660,1.720013076746644,2026-02-26 20:15:00+00:00,2026-03-03 11:15:00+00:00,2026-01-04 00:00:00+00:00
1772193600000,1772194500000,1772536500000,1,PULLBACK,5186.7135,5067.345811244475,16919.61468679704,5186.6635,119.3676887555248,0.8377476437933595,-0.04188738218982036,-0.00041887382189820363,breakeven,5700,1.9417440549989062,2026-02-27 12:15:00+00:00,2026-03-03 11:15:00+00:00,2026-01-04 00:00:00+00:00
1772481600000,1772482500000,1772536500000,1,PULLBACK,5331.31,5163.663160615048,21851.347099110244,5163.6131606150475,167.64683938495273,0.5964920088375706,-100.02982460044198,-1.0002982460044199,stop,900,0.2861580938596868,2026-03-02 20:15:00+00:00,2026-03-03 11:15:00+00:00,2026-01-04 00:00:00+00:00
1773259200000,1773260100000,1773418500000,1,PULLBACK,5184.04,5029.8251850327315,20376.806681759575,5029.775185032731,154.21481496726847,0.6484461302970447,-100.03242230651497,-1.0003242230651497,stop,2640,0.045530645038805904,2026-03-11 20:15:00+00:00,2026-03-13 16:15:00+00:00,2026-01-04 00:00:00+00:00
1774512000000,1774512900000,1774977300000,-1,PULLBACK,4451.74,4652.959999999999,-15347.04,4653.009999999999,201.21999999999935,0.4969684921975963,-100.02484842460997,-1.0002484842460997,stop,7740,0.4948638306331401,2026-03-26 08:15:00+00:00,2026-03-31 17:15:00+00:00,2026-01-04 00:00:00+00:00
1777060800000,1777061700000,1778064300000,-1,PULLBACK,4715.714999999999,4830.604958119159,-6572.390853796689,4715.764999999999,114.88995811915993,0.8703980890678316,-0.043519904453549904,-0.00043519904453549903,breakeven,16710,1.8628259902229611,2026-04-24 20:15:00+00:00,2026-05-06 10:45:00+00:00,2026-04-04 00:00:00+00:00
1777276800000,1777277700000,1778064300000,-1,PULLBACK,4713.055,4822.789166853428,-6113.6275184893675,4713.1050000000005,109.73416685342727,0.9112931994423463,-0.04556465997228308,-0.0004556465997228308,breakeven,13110,1.9261093063413401,2026-04-27 08:15:00+00:00,2026-05-06 10:45:00+00:00,2026-04-04 00:00:00+00:00
1777622400000,1777623300000,1778058000000,-1,PULLBACK,4577.409499999999,4687.664010257039,-6257.7370154468545,4687.714010257039,110.25451025704024,0.9069923739796809,-100.04534961869915,-1.0004534961869915,stop,7245,0.6867247409968293,2026-05-01 08:15:00+00:00,2026-05-06 09:00:00+00:00,2026-04-04 00:00:00+00:00
1777881600000,1777882500000,1778058000000,-1,PULLBACK,4578.445,4686.841965101387,-6084.854545037351,4686.8919651013875,108.39696510138765,0.9225350535087983,-100.0461267526756,-1.0004612675267561,stop,2925,0.7080456535679943,2026-05-04 08:15:00+00:00,2026-05-06 09:00:00+00:00,2026-04-04 00:00:00+00:00
1779163200000,1779164100000,1780064100000,-1,PULLBACK,4544.635,4660.206270697813,-6832.420799083528,4544.685,115.5712706978129,0.8652669421752098,-0.04326334710891788,-0.0004326334710891788,breakeven,15000,1.5335428859601108,2026-05-19 04:15:00+00:00,2026-05-29 14:15:00+00:00,2026-04-04 00:00:00+00:00
1779350400000,1779351300000,1780561800000,-1,PULLBACK,4519.158,4634.563977551762,-6851.683777624496,4464.105000000001,115.40597755176168,0.866506242756344,47.70376818246412,0.4770376818246412,timeout,20175,1.3149795462885427,2026-05-21 08:15:00+00:00,2026-06-04 08:30:00+00:00,2026-04-04 00:00:00+00:00
1779364800000,1779365700000,1780576200000,-1,PULLBACK,4513.61,4628.951943440923,-6848.242400651332,4499.335000000001,115.34194344092339,0.8669872989544231,12.376243692573285,0.12376243692573284,timeout,20175,1.2676091249917831,2026-05-21 12:15:00+00:00,2026-06-04 12:30:00+00:00,2026-04-04 00:00:00+00:00
1779436800000,1779437700000,1780648200000,-1,PULLBACK,4521.785,4627.272845411343,-5912.86169572301,4467.595,105.48784541134319,0.9479765143562874,51.37084731296683,0.5137084731296683,timeout,20175,1.4635193220412468,2026-05-22 08:15:00+00:00,2026-06-05 08:30:00+00:00,2026-04-04 00:00:00+00:00
1779451200000,1779452100000,1780662600000,-1,PULLBACK,4520.049999999999,4624.349463596247,-5734.096896028523,4465.925,104.29946359624773,0.9587777017445523,51.89384310692302,0.5189384310692302,timeout,20175,1.4635597800475353,2026-05-22 12:15:00+00:00,2026-06-05 12:30:00+00:00,2026-04-04 00:00:00+00:00
1779465600000,1779466500000,1780677000000,-1,PULLBACK,4519.495,4625.866287625088,-5941.762474883648,4330.360000000001,106.37128762508837,0.9401033138985369,177.8064402741991,1.778064402741991,timeout,20175,1.7858672602473569,2026-05-22 16:15:00+00:00,2026-06-05 16:30:00+00:00,2026-04-04 00:00:00+00:00
1779480000000,1779480900000,1780691400000,-1,PULLBACK,4507.67,4611.546981366153,-5707.50115524912,4323.375000000001,103.8769813661529,0.9626771849242803,177.41659179561944,1.7741659179561944,timeout,20175,1.8792421326906792,2026-05-22 20:15:00+00:00,2026-06-05 20:30:00+00:00,2026-04-04 00:00:00+00:00
1780329600000,1780330500000,1781475300000,-1,PULLBACK,4473.604999999999,4588.117834777902,-6798.665643012322,4301.885747833144,114.51283477790366,0.8732645575838627,149.95633677212027,1.4995633677212026,ladder_lock_1.50R,19080,3.9155523559400858,2026-06-01 16:15:00+00:00,2026-06-14 22:15:00+00:00,2026-04-04 00:00:00+00:00
1780560000000,1780560900000,1781487900000,-1,PULLBACK,4461.075,4561.614938685101,-5420.378929825038,4310.315091972348,100.53993868510133,0.9946296099623408,149.95026851950215,1.4995026851950215,ladder_lock_1.50R,15450,4.3351031013169585,2026-06-04 08:15:00+00:00,2026-06-15 01:45:00+00:00,2026-04-04 00:00:00+00:00
1780617600000,1780618500000,1781475300000,-1,PULLBACK,4461.0199999999995,4563.30144199774,-5592.842757776252,4307.647837003389,102.28144199774033,0.9776944678019818,149.95111527660973,1.4995111527660974,ladder_lock_1.50R,14280,4.260753382902318,2026-06-05 00:15:00+00:00,2026-06-14 22:15:00+00:00,2026-04-04 00:00:00+00:00
1780675200000,1780676100000,1781491500000,-1,PULLBACK,4334.915,4457.889737736814,-7782.084035944572,4334.965,122.97473773681395,0.81317514345114,-0.04065875717270491,-0.0004065875717270491,breakeven,13590,2.518330233505268,2026-06-05 16:15:00+00:00,2026-06-15 02:45:00+00:00,2026-04-04 00:00:00+00:00
1781020800000,1781021700000,1781475300000,-1,PULLBACK,4271.638,4394.67913022843,-7829.233892614506,4271.688,123.04113022843012,0.8127363574631226,-0.04063681787330396,-0.00040636817873303965,breakeven,7560,2.002696167879177,2026-06-09 16:15:00+00:00,2026-06-14 22:15:00+00:00,2026-04-04 00:00:00+00:00
1781769600000,1781770500000,1782981000000,-1,PULLBACK,4288.234999999999,4420.540907843793,-8758.04987653553,4075.895,132.30590784379456,0.7558241474603223,160.49169947172393,1.6049169947172393,timeout,20175,2.610491894343615,2026-06-18 08:15:00+00:00,2026-07-02 08:30:00+00:00,2026-04-04 00:00:00+00:00
1782144000000,1782144900000,1783042200000,-1,PULLBACK,4182.469999999999,4307.426061206955,-8135.680059488502,4182.5199999999995,124.95606120695538,0.8002813071578615,-0.04001406535803864,-0.0004001406535803864,breakeven,14955,1.917622063992057,2026-06-22 16:15:00+00:00,2026-07-03 01:30:00+00:00,2026-04-04 00:00:00+00:00
1782734400000,1782735300000,1783041300000,-1,PULLBACK,4038.9750000000004,4156.41495759434,-7552.5808018396665,4156.46495759434,117.43995759433983,0.8514989450645002,-100.04257494725339,-1.000425749472534,stop,5100,0.81849058845908,2026-06-29 12:15:00+00:00,2026-07-03 01:15:00+00:00,2026-04-04 00:00:00+00:00
1782835200000,1782836100000,1783041300000,-1,PULLBACK,4028.5650000000005,4153.897553628966,-8299.357809267654,4153.9475536289665,125.3325536289658,0.7978773040565325,-100.03989386520297,-1.0003989386520298,stop,3420,0.5415991139935787,2026-06-30 16:15:00+00:00,2026-07-03 01:15:00+00:00,2026-04-04 00:00:00+00:00
