time,open,high,low,close,volume
1778774400,1.347750,1.347860,1.339630,1.340060,2680540.2907
1778788800,1.340060,1.340780,1.338610,1.339080,356391.1919
1778803200,1.339140,1.339720,1.336490,1.337710,168220.9911
1778817600,1.337720,1.337800,1.333760,1.336560,201818.6155
1778832000,1.336570,1.339400,1.333150,1.336340,245392.2173
1778846400,1.336210,1.336480,1.331720,1.333020,497304.2677
1778860800,1.333240,1.333810,1.331780,1.331870,175712.0418
1778875200,1.331940,1.333010,1.331440,1.332850,169958.8864
1778889600,1.332890,1.333110,1.332660,1.332930,59029.5730
1778904000,1.332900,1.333070,1.332240,1.332380,153269.3315
1778918400,1.332370,1.332710,1.331460,1.331710,177265.7982
1778932800,1.331710,1.332180,1.331670,1.332100,142930.5171
1778947200,1.332070,1.332600,1.331830,1.332220,134176.5270
1778961600,1.332080,1.332490,1.331960,1.332210,70726.3959
1778976000,1.332080,1.332340,1.331930,1.332020,36448.2402
1778990400,1.331990,1.332450,1.331970,1.332060,98515.0943
1779004800,1.332060,1.332300,1.331910,1.332180,124355.0868
1779019200,1.332150,1.332400,1.331910,1.332270,99155.3380
1779033600,1.332130,1.333020,1.331870,1.332010,154541.0958
1779048000,1.332070,1.332570,1.330610,1.330960,297453.7891
1779062400,1.330950,1.331760,1.330500,1.331380,181358.9792
1779076800,1.331340,1.335760,1.331110,1.335220,222966.5249
1779091200,1.335160,1.338320,1.334590,1.337420,279943.0271
1779105600,1.337370,1.342440,1.337360,1.341900,540942.6124
1779120000,1.341640,1.344790,1.339820,1.342770,743009.8240
1779134400,1.342840,1.343820,1.342630,1.343070,219106.4982
1779148800,1.343130,1.343130,1.340810,1.341260,72279.1927
1779163200,1.341200,1.341700,1.339060,1.340030,114166.1954
1779177600,1.340010,1.341390,1.338570,1.340290,349495.9329
1779192000,1.340270,1.341780,1.337770,1.339790,332410.1485
1779206400,1.339780,1.341080,1.338720,1.339960,155060.3621
1779220800,1.339800,1.340400,1.339260,1.339510,182511.5331
1779235200,1.339400,1.340130,1.337630,1.339970,85329.0104
1779249600,1.339930,1.340400,1.337590,1.338520,213159.2364
1779264000,1.338520,1.340660,1.337490,1.339810,438122.9994
1779278400,1.339790,1.345900,1.338130,1.343850,474919.2669
1779292800,1.343900,1.345080,1.343170,1.343600,262859.9788
1779307200,1.343600,1.343880,1.343030,1.343210,123787.9700
1779321600,1.343220,1.344220,1.341680,1.342520,84884.1277
1779336000,1.342350,1.343690,1.341450,1.342650,127338.0573
1779350400,1.342660,1.345100,1.341340,1.342020,445729.3924
1779364800,1.341990,1.342660,1.339060,1.340250,398119.1648
1779379200,1.340400,1.344700,1.339930,1.343510,369395.6915
1779393600,1.343520,1.343890,1.342470,1.342970,204172.5607
1779408000,1.343060,1.343060,1.342060,1.342420,76443.0948
1779422400,1.342390,1.343110,1.341260,1.342200,167877.7816
1779436800,1.342190,1.343560,1.341410,1.341740,159065.5368
1779451200,1.341830,1.346100,1.341400,1.343600,486684.0068
1779465600,1.343570,1.345260,1.343240,1.343760,233867.5480
1779480000,1.343750,1.344110,1.342600,1.342880,201513.8927
1779494400,1.342990,1.343240,1.342690,1.343100,59525.2016
1779508800,1.343060,1.343430,1.342590,1.342730,146686.7012
1779523200,1.342740,1.342980,1.342120,1.342570,251805.1860
1779537600,1.342600,1.343460,1.342540,1.342740,175853.8765
1779552000,1.342700,1.343050,1.342450,1.342790,124297.2606
1779566400,1.342800,1.343080,1.342440,1.342790,142973.8616
1779580800,1.342830,1.343160,1.342480,1.342960,43502.2600
1779595200,1.342960,1.343100,1.342800,1.342980,42617.5719
1779609600,1.342980,1.344430,1.342780,1.343780,240907.6382
1779624000,1.343720,1.344470,1.343540,1.344020,220360.2925
1779638400,1.343960,1.345040,1.343550,1.344950,107767.7837
1779652800,1.344880,1.348470,1.344840,1.347690,406384.0476
1779667200,1.347850,1.348630,1.347180,1.347430,124532.1811
1779681600,1.347220,1.348660,1.346830,1.348000,159774.4051
1779696000,1.348190,1.350360,1.347600,1.349540,173029.0766
1779710400,1.349530,1.350430,1.349060,1.349870,320446.4016
1779724800,1.350040,1.350730,1.349620,1.350440,226175.5332
1779739200,1.350620,1.350720,1.349250,1.349250,122866.4573
1779753600,1.349400,1.349400,1.347990,1.348610,60932.6102
1779768000,1.348540,1.348750,1.346470,1.347270,167565.3658
1779782400,1.347240,1.348840,1.346610,1.346740,307044.5474
1779796800,1.346680,1.367860,1.342880,1.343280,1323813.0106
1779811200,1.343460,1.344910,1.343360,1.344620,172777.2668
1779825600,1.344640,1.345800,1.344290,1.345400,166350.9326
1779840000,1.345400,1.345830,1.344590,1.345360,38336.3042
1779854400,1.345360,1.345790,1.344060,1.344330,91893.8805
1779868800,1.344240,1.345110,1.342930,1.343320,197010.3549
1779883200,1.343330,1.345600,1.341410,1.342500,357419.5000
1779897600,1.342610,1.343220,1.341560,1.342750,178497.0517
1779912000,1.342770,1.343730,1.341270,1.341570,299549.7359
1779926400,1.341590,1.341930,1.336750,1.336750,179882.0694
1779940800,1.336760,1.341040,1.336540,1.339980,334860.1734
1779955200,1.340090,1.341240,1.338520,1.340360,300982.7922
1779969600,1.340440,1.344940,1.340190,1.343630,945436.3798
1779984000,1.343630,1.344690,1.343290,1.343670,267598.4224
1779998400,1.343670,1.344560,1.343600,1.344260,143545.2021
1780012800,1.344290,1.345090,1.342950,1.342960,151177.6281
1780027200,1.342990,1.344220,1.341580,1.342220,127214.9725
1780041600,1.342230,1.342680,1.340600,1.342600,600932.2601
1780056000,1.342610,1.348300,1.342150,1.347140,475819.8499
1780070400,1.347210,1.347340,1.345320,1.346640,376148.5486
1780084800,1.346610,1.346670,1.345050,1.345260,129047.9569
1780099200,1.345460,1.346670,1.345240,1.345480,636941.4867
1780113600,1.345470,1.345870,1.345150,1.345440,83104.9384
1780128000,1.345410,1.346100,1.345140,1.345390,203867.3583
1780142400,1.345350,1.345850,1.345150,1.345650,154824.4313
1780156800,1.345500,1.346010,1.345260,1.345730,167406.2358
1780171200,1.345720,1.345910,1.345400,1.345450,87399.6537
1780185600,1.345670,1.345880,1.345290,1.345620,51902.6311
1780200000,1.345650,1.345950,1.345530,1.345780,113775.0658
1780214400,1.345680,1.346180,1.345020,1.345920,156167.0243
1780228800,1.345910,1.346090,1.345320,1.345510,158421.1229
1780243200,1.345410,1.346720,1.344620,1.345120,254675.7098
1780257600,1.345210,1.346330,1.331510,1.345120,401201.8329
1780272000,1.344970,1.345770,1.344370,1.344930,88229.0169
1780286400,1.344980,1.347440,1.344980,1.346050,288048.2542
1780300800,1.346000,1.347680,1.345520,1.346540,461322.9413
1780315200,1.346410,1.346910,1.340790,1.344800,576384.2289
1780329600,1.344700,1.346920,1.343840,1.345870,884335.0304
1780344000,1.345940,1.347390,1.345320,1.346060,228507.8112
1780358400,1.346150,1.346360,1.345130,1.345910,73343.8489
1780372800,1.345900,1.348280,1.345900,1.347100,185248.5692
1780387200,1.347180,1.347640,1.346020,1.347370,297486.2025
1780401600,1.347350,1.348380,1.346330,1.347820,646334.5839
1780416000,1.347820,1.347910,1.345120,1.346750,477668.0289
1780430400,1.346710,1.347020,1.344860,1.345210,328654.8211
1780444800,1.345050,1.347620,1.345040,1.346100,217100.9388
1780459200,1.346060,1.346210,1.343510,1.345290,222686.8292
1780473600,1.345340,1.345780,1.343690,1.344690,787284.2811
1780488000,1.344860,1.344860,1.342030,1.343300,338667.4595
1780502400,1.343210,1.343440,1.341150,1.341840,606772.6349
1780516800,1.341880,1.342700,1.340370,1.342500,291324.2875
1780531200,1.342510,1.342940,1.341580,1.342040,204159.1654
1780545600,1.342030,1.343190,1.340970,1.341980,403090.1340
1780560000,1.341990,1.346750,1.341990,1.345880,559807.1307
1780574400,1.345710,1.346020,1.342850,1.343690,479408.5151
1780588800,1.343570,1.344060,1.341870,1.342120,605146.2070
1780603200,1.341990,1.343440,1.341740,1.342000,262647.9141
1780617600,1.342000,1.342520,1.341350,1.342410,125063.4659
1780632000,1.342390,1.344760,1.342020,1.344330,671934.3998
1780646400,1.344240,1.348160,1.344240,1.346480,637958.0928
1780660800,1.346540,1.350690,1.335280,1.335510,595629.2426
1780675200,1.335390,1.335520,1.332470,1.333260,697954.4757
1780689600,1.333130,1.333760,1.332540,1.333390,366236.3748
1780704000,1.333400,1.334590,1.333030,1.333370,200241.7034
1780718400,1.333350,1.333410,1.332700,1.332890,250929.5350
1780732800,1.332890,1.334400,1.330940,1.332650,567968.1126
1780747200,1.332380,1.333300,1.331210,1.331800,542078.7751
1780761600,1.332180,1.333010,1.331340,1.331350,348571.8195
1780776000,1.331770,1.333000,1.331340,1.332100,237197.4378
1780790400,1.332330,1.332560,1.331920,1.332300,48606.5688
1780804800,1.332130,1.332370,1.331490,1.331760,132251.2513
1780819200,1.331770,1.332270,1.330120,1.330940,258714.2191
1780833600,1.330530,1.332240,1.330180,1.331030,297537.6371
1780848000,1.330950,1.332210,1.330900,1.332190,240923.0727
1780862400,1.331340,1.333000,1.330940,1.332890,325687.7522
1780876800,1.333000,1.334600,1.331540,1.333600,137514.0419
1780891200,1.333600,1.334570,1.331680,1.332670,156872.7822
1780905600,1.332420,1.336650,1.330370,1.335770,346170.4345
1780920000,1.335730,1.336610,1.333080,1.334200,395344.6908
1780934400,1.334240,1.335040,1.333420,1.333740,217958.8826
1780948800,1.333900,1.334440,1.333110,1.333270,274387.7709
1780963200,1.333150,1.335070,1.332860,1.334490,63923.1115
1780977600,1.334560,1.337080,1.334460,1.336510,154267.5945
1780992000,1.336410,1.352120,1.336230,1.340090,751742.1327
1781006400,1.340070,1.341040,1.337140,1.338590,440400.2599
1781020800,1.338550,1.338910,1.335840,1.337850,375815.9042
1781035200,1.337810,1.338150,1.336180,1.336970,134378.2771
1781049600,1.336980,1.338740,1.336630,1.338700,68847.2515
1781064000,1.338560,1.339520,1.337740,1.338810,122655.7365
1781078400,1.338820,1.339830,1.337390,1.337650,335694.7960
1781092800,1.337720,1.342080,1.337230,1.338660,443644.1109
1781107200,1.338900,1.339640,1.336880,1.337200,180980.6312
1781121600,1.337090,1.337900,1.334790,1.335920,257354.4025
1781136000,1.336050,1.338990,1.336050,1.337570,63792.8325
1781150400,1.337570,1.338870,1.337300,1.337940,138209.3986
1781164800,1.337940,1.338570,1.334990,1.336260,1198855.9316
1781179200,1.336250,1.336390,1.332450,1.333310,253630.4793
1781193600,1.333650,1.342960,1.332570,1.341380,745285.0275
1781208000,1.341430,1.342710,1.341090,1.341260,239469.9955
1781222400,1.341390,1.341680,1.339960,1.341230,71779.2367
1781236800,1.341240,1.341690,1.338270,1.339680,167330.4038
1781251200,1.339630,1.342780,1.339380,1.340630,365620.4705
1781265600,1.340640,1.342070,1.339020,1.341190,362077.2855
1781280000,1.341300,1.342060,1.340640,1.340810,360495.6132
1781294400,1.340920,1.341080,1.339860,1.340330,93030.6323
1781308800,1.340490,1.340700,1.340040,1.340220,49252.4191
1781323200,1.340210,1.340690,1.339690,1.339800,130867.9484
1781337600,1.339810,1.341490,1.339800,1.340380,259394.2418
1781352000,1.340370,1.342110,1.339970,1.340110,484048.3278
1781366400,1.340170,1.340440,1.339910,1.340020,103256.9901
1781380800,1.339970,1.340400,1.339670,1.339840,115987.1783
1781395200,1.339850,1.340530,1.339750,1.340130,76026.2194
1781409600,1.340130,1.340500,1.340010,1.340320,42141.1570
1781424000,1.340070,1.340710,1.339650,1.340310,96425.5098
1781438400,1.340320,1.340670,1.339950,1.340140,142081.0901
1781452800,1.339950,1.340310,1.339770,1.340120,82821.6343
1781467200,1.340000,1.345220,1.339250,1.344690,318331.7100
1781481600,1.344820,1.345940,1.342970,1.344180,184679.6644
1781496000,1.344160,1.345750,1.342520,1.343160,102272.4775
1781510400,1.342900,1.343340,1.341690,1.342020,1687232.8259
1781524800,1.342170,1.344300,1.341420,1.342320,288116.9688
1781539200,1.342470,1.343120,1.340830,1.340840,211536.0882
1781553600,1.340740,1.341830,1.340480,1.341550,305335.6355
1781568000,1.341540,1.341610,1.339680,1.340170,62342.4138
1781582400,1.340150,1.341380,1.339010,1.341320,155018.4944
1781596800,1.341380,1.342960,1.340940,1.341390,229557.1715
1781611200,1.341320,1.344160,1.340150,1.343520,542589.8658
1781625600,1.343730,1.343800,1.342000,1.342150,219179.6247
1781640000,1.342120,1.343300,1.341950,1.342410,130907.9871
1781654400,1.342350,1.343360,1.342350,1.342740,49437.5264
1781668800,1.342650,1.343300,1.340830,1.341890,239639.2441
1781683200,1.341890,1.342460,1.340000,1.340270,325937.6777
1781697600,1.340300,1.341730,1.338590,1.339480,250837.6389
1781712000,1.339560,1.340220,1.326380,1.328490,841212.9254
1781726400,1.328450,1.330270,1.327830,1.329920,330347.7017
1781740800,1.330010,1.331780,1.329950,1.331620,122369.4056
1781755200,1.331570,1.332470,1.328830,1.329620,293140.0477
1781769600,1.329620,1.329620,1.320500,1.320940,322024.1165
1781784000,1.321070,1.325370,1.321010,1.322490,362825.1488
1781798400,1.322820,1.323030,1.318670,1.319860,334505.8677
1781812800,1.320070,1.321220,1.319760,1.320050,147845.8875
1781827200,1.320190,1.321210,1.318520,1.318990,93841.2196
1781841600,1.318750,1.320590,1.316230,1.319510,261100.3104
1781856000,1.319390,1.323890,1.319370,1.322910,441821.4157
1781870400,1.322830,1.323860,1.321230,1.321810,216693.6765
1781884800,1.321800,1.323850,1.321640,1.323070,351937.5666
1781899200,1.323070,1.323540,1.322310,1.322860,334121.6662
1781913600,1.322860,1.322990,1.322600,1.322770,51663.2400
1781928000,1.322610,1.322910,1.322230,1.322660,108169.1446
1781942400,1.322500,1.322820,1.322190,1.322770,96383.7906
1781956800,1.322760,1.323610,1.322340,1.322570,215332.1156
1781971200,1.322520,1.322870,1.322180,1.322580,84534.2511
1781985600,1.322570,1.323090,1.322330,1.322810,90559.1389
1782000000,1.322810,1.323050,1.322630,1.322980,23371.7012
1782014400,1.322970,1.323030,1.322710,1.322770,34238.0630
1782028800,1.322770,1.323140,1.322390,1.322690,72521.1979
1782043200,1.322530,1.323600,1.322100,1.322680,125284.2847
1782057600,1.322580,1.322860,1.322140,1.322370,80724.4530
1782072000,1.322280,1.322300,1.318490,1.320440,202447.6314
1782086400,1.320580,1.323270,1.320570,1.321060,125380.0137
1782100800,1.321050,1.321830,1.319000,1.319360,81079.4671
1782115200,1.319270,1.324480,1.318220,1.323530,226044.8494
1782129600,1.323470,1.327100,1.323350,1.324420,313895.2786
1782144000,1.324630,1.324820,1.323740,1.324720,115899.0721
1782158400,1.324610,1.325840,1.324410,1.324460,109280.0745
1782172800,1.324640,1.324800,1.323570,1.324650,169222.6307
1782187200,1.324740,1.325040,1.322040,1.322520,227648.9107
1782201600,1.322540,1.323690,1.320700,1.320880,348443.0771
1782216000,1.320800,1.322210,1.318530,1.320950,903923.8714
1782230400,1.319180,1.320480,1.318220,1.319600,528249.3338
1782244800,1.319550,1.320560,1.319540,1.320160,198336.8918
1782259200,1.320120,1.320480,1.318790,1.320080,69342.8118
1782273600,1.319910,1.320950,1.318110,1.318780,229607.7743
1782288000,1.318740,1.319680,1.315000,1.316350,303142.8947
1782302400,1.316380,1.317520,1.314050,1.315840,567148.4198
1782316800,1.315760,1.317900,1.315410,1.316210,3548023.0477
1782331200,1.316030,1.317020,1.314970,1.316670,350201.8125
1782345600,1.316500,1.318400,1.315790,1.318280,50675.4466
1782360000,1.318210,1.318650,1.316750,1.318460,97816.2228
1782374400,1.318470,1.319640,1.315360,1.315550,400391.6595
1782388800,1.315470,1.321750,1.315410,1.321420,718755.6895
1782403200,1.321310,1.321950,1.319380,1.319880,578031.5971
1782417600,1.319950,1.320280,1.318520,1.318800,215021.5161
1782432000,1.318810,1.320110,1.317980,1.319740,104789.2140
1782446400,1.319760,1.321140,1.319200,1.320550,105608.1356
1782460800,1.320500,1.322850,1.319980,1.321860,313508.4497
1782475200,1.321930,1.323200,1.319670,1.322040,652969.6555
1782489600,1.322080,1.322080,1.319460,1.319840,211557.6393
1782504000,1.319920,1.320460,1.319120,1.319960,97822.8331
1782518400,1.319960,1.320080,1.319560,1.319750,36517.7737
1782532800,1.319680,1.320020,1.319500,1.319840,64804.4249
1782547200,1.319740,1.319820,1.318640,1.318940,128274.2314
1782561600,1.318860,1.319340,1.318650,1.318970,157749.2013
1782576000,1.319130,1.319770,1.318990,1.319320,173257.7607
1782590400,1.319150,1.319340,1.318710,1.319020,77027.9399
1782604800,1.319110,1.319220,1.318790,1.319220,25002.7076
1782619200,1.318970,1.319230,1.318820,1.318990,31813.0295
1782633600,1.318950,1.319380,1.318920,1.319120,93870.7653
1782648000,1.319110,1.319280,1.318920,1.318930,165928.2560
1782662400,1.318950,1.319940,1.318630,1.319190,117118.9536
1782676800,1.318960,1.320390,1.318610,1.319430,140127.5593
1782691200,1.319570,1.320710,1.319180,1.319920,91105.6401
1782705600,1.319710,1.322710,1.319480,1.321230,201162.2296
1782720000,1.321050,1.323270,1.320070,1.323140,293173.4201
1782734400,1.323070,1.325250,1.322630,1.325170,214533.3695
1782748800,1.325510,1.326130,1.325010,1.326020,238397.4750
1782763200,1.325900,1.326140,1.325310,1.325360,90873.5239
1782777600,1.325350,1.325380,1.323030,1.323340,72323.1396
1782792000,1.323330,1.324590,1.322230,1.323500,143563.9585
1782806400,1.323430,1.323840,1.321330,1.322470,334454.3785
1782820800,1.322580,1.327390,1.321220,1.325730,355149.0851
1782835200,1.325600,1.326370,1.324640,1.326160,844742.4217
1782849600,1.326200,1.326520,1.324790,1.324920,396724.7355
1782864000,1.324760,1.325170,1.323120,1.323360,78035.1815
1782878400,1.323440,1.324530,1.322840,1.324490,317002.1421
1782892800,1.324420,1.325520,1.323860,1.324260,230498.6595
1782907200,1.324240,1.328970,1.321810,1.327560,1165286.9268
1782921600,1.327740,1.328990,1.326950,1.327600,837990.7008
1782936000,1.327770,1.328460,1.325430,1.327770,478619.3864
1782950400,1.327850,1.329350,1.327350,1.328510,127819.2227
1782964800,1.328680,1.333590,1.328410,1.333400,202621.0662
1782979200,1.333480,1.335990,1.330550,1.330890,373796.4088
1782993600,1.330650,1.338210,1.329370,1.335810,1083274.8603
1783008000,1.335890,1.336210,1.333670,1.334270,484146.7879
1783022400,1.334180,1.335230,1.324000,1.333830,893064.3914
1783036800,1.333920,1.336740,1.333530,1.336140,208975.7390
1783051200,1.336100,1.337970,1.335860,1.337110,86524.0537
1783065600,1.337210,1.337310,1.334870,1.335650,307208.6329
1783080000,1.335700,1.336010,1.334600,1.335510,407760.9492
1783094400,1.335400,1.335770,1.315310,1.335130,503241.4947
1783108800,1.335110,1.335360,1.334090,1.334930,150097.1487
1783123200,1.334950,1.335190,1.334880,1.334970,51486.3287
1783137600,1.334900,1.335160,1.333460,1.334220,160039.3829
1783152000,1.334090,1.334460,1.332910,1.333600,367500.5381
1783166400,1.333970,1.334190,1.332910,1.333480,202000.2347
1783180800,1.333370,1.333680,1.332680,1.333080,230515.5522
1783195200,1.332910,1.333750,1.332790,1.333750,66156.6176
1783209600,1.333390,1.333750,1.333140,1.333640,51946.0885
1783224000,1.333540,1.333810,1.332880,1.332980,61341.3696
1783238400,1.332980,1.334630,1.332740,1.333480,162457.1190
1783252800,1.333260,1.333480,1.332450,1.332690,193291.6876
1783267200,1.332690,1.333750,1.332450,1.332860,325662.2236
1783281600,1.333110,1.335220,1.332870,1.334950,391722.8047
1783296000,1.334890,1.335240,1.333630,1.333920,49464.2757
1783310400,1.333820,1.334800,1.332700,1.334700,123809.8010
1783324800,1.334620,1.334760,1.332800,1.334330,213412.9057
1783339200,1.334320,1.336810,1.333690,1.336680,847699.3698
1783353600,1.336800,1.339640,1.336400,1.338940,208969.3688
1783368000,1.339030,1.339890,1.338030,1.339230,212120.5082
1783382400,1.339390,1.339890,1.338570,1.338890,51797.7530
1783396800,1.338870,1.339220,1.336600,1.337440,239793.3420
1783411200,1.337410,1.339120,1.336580,1.338730,306165.2138
1783425600,1.338700,1.338820,1.335800,1.336740,490224.2893
1783440000,1.336760,1.337390,1.334750,1.336150,891270.1026
1783454400,1.336190,1.336210,1.334270,1.334620,190300.1096
1783468800,1.334630,1.335730,1.334130,1.335250,91776.1595
1783483200,1.335310,1.336940,1.334960,1.336400,110592.3855
1783497600,1.336390,1.336890,1.332070,1.333490,351691.1538
1783512000,1.333560,1.337740,1.333460,1.336060,359276.7170
1783526400,1.335940,1.340840,1.335890,1.340110,364094.1901
1783540800,1.340110,1.340260,1.338310,1.339310,140834.7567
1783555200,1.339310,1.340180,1.338610,1.339460,73021.4761
1783569600,1.339330,1.342750,1.339220,1.341370,151172.0858
1783584000,1.341300,1.341900,1.338340,1.338620,173087.9133
1783598400,1.338670,1.340830,1.337880,1.340340,364052.7007
1783612800,1.340350,1.341680,1.339930,1.340430,112546.5833
1783627200,1.340530,1.341300,1.339780,1.340830,181538.9116
1783641600,1.341100,1.344920,1.340380,1.343610,127228.2320
1783656000,1.343490,1.343630,1.341730,1.341730,110351.0699
1783670400,1.341760,1.343390,1.340480,1.342340,511893.7563
1783684800,1.342360,1.343530,1.339070,1.342160,265138.5367
1783699200,1.342020,1.342320,1.339180,1.339950,212115.9205
1783713600,1.339790,1.340420,1.339330,1.340070,97524.8273
1783728000,1.340020,1.340350,1.339890,1.340190,47252.8482
1783742400,1.340290,1.340290,1.339740,1.339740,62661.6296
1783756800,1.339740,1.340090,1.339440,1.339810,105545.3158
1783771200,1.339620,1.340640,1.339620,1.340220,248009.8608
1783785600,1.340180,1.340470,1.339840,1.340270,95087.2414
1783800000,1.340210,1.340450,1.339880,1.340050,42500.5709
1783814400,1.340090,1.340230,1.339750,1.339980,46320.1670
1783828800,1.339920,1.340320,1.339770,1.340180,52671.5924
1783843200,1.340010,1.340440,1.339620,1.340140,119476.5968
1783857600,1.340110,1.340400,1.339820,1.340090,100063.3746
1783872000,1.340110,1.341250,1.339520,1.340340,121608.5160
1783886400,1.340360,1.340590,1.336940,1.338450,102478.6886
1783900800,1.338720,1.338720,1.336920,1.337860,140799.2290
1783915200,1.337920,1.339480,1.337460,1.339270,154524.0560
1783929600,1.339270,1.341050,1.337900,1.338990,1176700.1551
1783944000,1.339070,1.340030,1.336500,1.337910,366530.3249
1783958400,1.337940,1.338280,1.334850,1.335130,167254.5959
1783972800,1.335040,1.335820,1.334060,1.334900,196492.8194
1783987200,1.334860,1.336170,1.334050,1.335910,31897.4461
1784001600,1.335870,1.336730,1.334870,1.335440,102769.5602
1784016000,1.335450,1.338360,1.335240,1.338190,701778.4953
1784030400,1.338190,1.343900,1.337890,1.338270,1797253.3525
1784044800,1.338300,1.339290,1.336820,1.338830,594373.1488
1784059200,1.338700,1.339710,1.337600,1.339490,221692.8027
1784073600,1.339590,1.340840,1.339340,1.340390,49298.8186
1784088000,1.340390,1.342090,1.339960,1.340290,113609.8867
1784102400,1.340120,1.341480,1.338100,1.341230,707959.0862
1784116800,1.341100,1.349720,1.340220,1.349530,433753.3226
1784131200,1.349500,1.355480,1.349320,1.353110,655467.1267
1784145600,1.353080,1.354400,1.352800,1.353460,299347.2320
1784160000,1.353640,1.354220,1.351680,1.352850,133487.9460
1784174400,1.352840,1.353900,1.352420,1.352930,153717.0273
1784188800,1.352930,1.353040,1.349070,1.350370,178523.4127
1784203200,1.350280,1.351500,1.347700,1.348210,290094.0417
1784217600,1.348170,1.348180,1.345740,1.347430,310784.4457
1784232000,1.347350,1.348210,1.347220,1.347800,128938.8487
1784246400,1.347820,1.347820,1.346100,1.346380,54365.0566
1784260800,1.346380,1.347950,1.345620,1.345640,158504.7495
1784275200,1.345540,1.346090,1.342280,1.343780,680152.1602
1784289600,1.343800,1.345590,1.342920,1.344500,346407.4641
1784304000,1.344400,1.345950,1.343620,1.345880,185823.6675
1784318400,1.345820,1.345940,1.344970,1.345310,84575.3064
1784332800,1.345350,1.345530,1.345150,1.345170,29752.5021
1784347200,1.345180,1.345550,1.344990,1.345370,48486.0825
1784361600,1.345080,1.345470,1.344930,1.345150,123386.4232
1784376000,1.345110,1.345480,1.344630,1.345030,139532.1231
1784390400,1.344900,1.345260,1.344430,1.344900,185217.0238
1784404800,1.344820,1.345080,1.343100,1.343790,243261.2863
1784419200,1.343820,1.344520,1.343600,1.344160,27299.6736
1784433600,1.343940,1.344530,1.343860,1.344430,76854.8576
1784448000,1.344260,1.345500,1.343840,1.344370,192433.3998
1784462400,1.344260,1.344580,1.343000,1.343050,122918.5555
1784476800,1.343070,1.343990,1.342960,1.343820,107157.4782
1784491200,1.343740,1.344560,1.343160,1.344350,351720.0839
1784505600,1.344340,1.346090,1.344050,1.345820,87166.8520
1784520000,1.345830,1.347810,1.345510,1.347380,201776.0090
1784534400,1.347310,1.347490,1.345380,1.345930,294994.1580
1784548800,1.345950,1.346030,1.341150,1.341560,415394.9060
1784563200,1.341410,1.343670,1.341070,1.343120,293464.8187
1784577600,1.343180,1.343300,1.341840,1.342730,358467.1234
1784592000,1.342760,1.343640,1.342280,1.343520,77653.0688
1784606400,1.343370,1.345080,1.343250,1.343980,269147.6494
1784620800,1.343970,1.344800,1.340120,1.340310,594377.1626
1784635200,1.340440,1.340740,1.336060,1.337270,453385.3603
1784649600,1.337340,1.338980,1.336920,1.338160,220717.3519
1784664000,1.338080,1.338380,1.337320,1.337970,169095.9340
1784678400,1.337910,1.339000,1.337850,1.338510,70538.9658
1784692800,1.338350,1.339540,1.337140,1.338370,186942.3222
1784707200,1.338330,1.338400,1.335920,1.336910,388314.9303
1784721600,1.336940,1.339220,1.335910,1.337600,306299.1881
1784736000,1.337610,1.337730,1.336610,1.337370,166717.3560
1784750400,1.337400,1.338090,1.336650,1.337450,381280.6566
1784764800,1.337490,1.339060,1.337300,1.338750,357674.3485
1784779200,1.338890,1.339360,1.336870,1.337350,112974.2729
1784793600,1.337330,1.337730,1.333700,1.335600,882070.3195
1784808000,1.335320,1.335450,1.330000,1.330940,526732.1486
1784822400,1.331140,1.332560,1.331020,1.331900,227830.7009
1784836800,1.331680,1.332260,1.330950,1.331260,144993.3922
1784851200,1.331220,1.332540,1.331020,1.331440,76097.1391
1784865600,1.331400,1.334090,1.330510,1.333390,779126.6840
1784880000,1.333280,1.333460,1.331140,1.332060,204695.1745
1784894400,1.332210,1.335090,1.330480,1.334520,593456.4213
1784908800,1.334400,1.334830,1.332280,1.332450,186583.3855
1784923200,1.332360,1.332750,1.331900,1.332250,226777.6135
1784937600,1.332230,1.332520,1.331750,1.331950,72768.0212
1784952000,1.331940,1.332450,1.329270,1.332020,181116.4856
1784966400,1.332090,1.332360,1.331880,1.332140,93110.1519
1784980800,1.332240,1.333030,1.329360,1.332090,166804.0761
1784995200,1.332080,1.332580,1.331740,1.332140,241138.4083
1785009600,1.331990,1.332350,1.331480,1.332000,68181.7595
1785024000,1.332030,1.332980,1.331670,1.332910,90370.8061
1785038400,1.332710,1.333030,1.332200,1.332430,97504.0379
1785052800,1.332430,1.332450,1.331910,1.332450,219260.3435
1785067200,1.332450,1.332590,1.332120,1.332570,190018.0964
1785081600,1.332570,1.333180,1.332110,1.333080,98534.7206
1785096000,1.333080,1.335940,1.332750,1.335380,83843.9677
1785110400,1.335420,1.336780,1.335240,1.335420,43299.3440
1785124800,1.335530,1.336260,1.333960,1.334080,181853.8170
1785139200,1.333730,1.334300,1.331110,1.331400,314902.4278
1785153600,1.331480,1.332270,1.330190,1.330550,426409.5996
1785168000,1.330550,1.331620,1.328630,1.329420,375286.1160
1785182400,1.329400,1.330470,1.328770,1.329170,266512.6951
1785196800,1.329240,1.330600,1.328760,1.329960,78596.1224
1785211200,1.329850,1.330660,1.328750,1.329290,205807.3256
1785225600,1.329240,1.330560,1.327300,1.327970,458920.7637
1785240000,1.328020,1.331130,1.327860,1.330900,457760.7278
1785254400,1.331140,1.333280,1.310290,1.328900,1864937.7859
1785268800,1.328820,1.329540,1.327990,1.328610,320221.4117
1785283200,1.328750,1.329990,1.328260,1.329520,142202.7193
1785297600,1.329640,1.330800,1.329560,1.330360,93354.7891
1785312000,1.330270,1.330950,1.328900,1.329380,413939.5860
1785326400,1.329350,1.330530,1.328020,1.328850,615560.7154
1785340800,1.328900,1.338810,1.328280,1.334730,622078.9528
1785355200,1.334780,1.337780,1.334410,1.336970,182144.2738
1785369600,1.336890,1.336890,1.334380,1.334590,97041.3208
1785384000,1.334710,1.335820,1.333450,1.334100,75661.4670
1785398400,1.334030,1.340720,1.333970,1.338620,568569.9396
1785412800,1.338810,1.346220,1.336760,1.345880,656650.1962
1785427200,1.346190,1.347560,1.345450,1.346960,261784.3411
1785441600,1.346860,1.347100,1.345740,1.346000,157813.6031
1785456000,1.345940,1.346290,1.344380,1.344930,98842.1729
1785470400,1.345010,1.346060,1.343870,1.344980,152038.4115
1785484800,1.345020,1.346720,1.341590,1.341700,196850.4313
1785499200,1.341530,1.347170,1.340180,1.346720,668788.8839
1785513600,1.346650,1.348740,1.346150,1.347690,358988.9286
1785528000,1.347610,1.349350,1.347160,1.347630,235525.2730
1785542400,1.347690,1.347760,1.347170,1.347420,59073.2962
1785556800,1.347430,1.348410,1.347350,1.347630,92414.7929
1785571200,1.347630,1.347870,1.347240,1.347580,109518.1568
1785585600,1.347530,1.348060,1.347490,1.347760,110227.9883
1785600000,1.347870,1.347980,1.346920,1.347140,178547.6871
1785614400,1.347030,1.348460,1.346740,1.347180,146907.9109
1785628800,1.347200,1.347360,1.346910,1.347270,60007.9708
1785643200,1.347300,1.348200,1.346970,1.347410,153268.0258
1785657600,1.347380,1.348580,1.347100,1.347860,149409.8200
1785672000,1.347890,1.348270,1.345640,1.346390,296625.5803
1785686400,1.346230,1.347600,1.345930,1.347500,197071.6479
1785700800,1.347110,1.350490,1.346960,1.348850,373328.2606
1785715200,1.348930,1.349910,1.346200,1.346560,91203.8317
1785729600,1.346560,1.347550,1.344960,1.345870,383701.4557
1785744000,1.345790,1.346180,1.344510,1.346180,2931035.2462
1785758400,1.346160,1.346570,1.342290,1.343220,469523.5748
1785772800,1.343200,1.343950,1.342000,1.343010,435384.2398
1785787200,1.343000,1.343360,1.342430,1.342640,73010.0764
1785801600,1.342650,1.343180,1.342010,1.342450,69825.2660
1785816000,1.342450,1.343710,1.341860,1.343450,144291.5386
1785830400,1.343450,1.345350,1.343180,1.344490,357946.0754
1785844800,1.344570,1.345420,1.343530,1.345230,412420.7019
1785859200,1.345350,1.345410,1.343760,1.344990,600772.0934
1785873600,1.345100,1.345500,1.344360,1.345010,525505.7466
1785888000,1.344950,1.345930,1.344370,1.345620,46983.8893
1785902400,1.345620,1.346870,1.345070,1.346700,103262.3149
1785916800,1.346630,1.348120,1.345210,1.347790,1178218.4356
1785931200,1.347730,1.348480,1.345460,1.345900,304473.7669
1785945600,1.345900,1.347130,1.345250,1.346280,197605.3817
1785960000,1.346330,1.346940,1.346030,1.346770,181574.0295
1785974400,1.346780,1.347030,1.345690,1.345730,65223.6600
1785988800,1.345950,1.346310,1.345250,1.345850,152404.9024
1786003200,1.345850,1.346590,1.345100,1.346560,481200.9992
1786017600,1.346590,1.347700,1.344810,1.345090,498808.5145
1786032000,1.345190,1.345700,1.344650,1.345190,221743.9396
1786046400,1.345200,1.345330,1.344170,1.345120,153561.6474
1786060800,1.345260,1.345350,1.344580,1.344930,64776.8365
1786075200,1.344850,1.345520,1.344330,1.344410,124863.2720
1786089600,1.344430,1.344810,1.343500,1.344740,274119.6676
1786104000,1.344860,1.350800,1.344380,1.349490,817774.7394
1786118400,1.349530,1.350390,1.349080,1.349740,355305.2868
1786132800,1.349660,1.349900,1.348890,1.349180,160230.3771
1786147200,1.349320,1.349550,1.349000,1.349200,79225.5309
1786161600,1.349090,1.350080,1.349050,1.349060,180448.6506
1786176000,1.349090,1.350130,1.348030,1.348350,750169.0567
1786190400,1.348350,1.348720,1.348120,1.348300,205880.7075
1786204800,1.348280,1.348640,1.347900,1.348370,124142.5174
1786219200,1.348090,1.348480,1.347640,1.348010,71396.6676
1786233600,1.348070,1.348500,1.347720,1.348250,55946.7736
1786248000,1.348030,1.348520,1.347760,1.348270,63929.2386
1786262400,1.348000,1.348620,1.347420,1.348200,101758.6755
1786276800,1.348590,1.348600,1.346830,1.347660,219579.4997
1786291200,1.347660,1.348880,1.346920,1.348060,241426.2810
1786305600,1.348050,1.349460,1.347920,1.348780,392159.2565
1786320000,1.348730,1.349110,1.348020,1.348320,104934.0651
1786334400,1.348210,1.349800,1.347970,1.349410,230772.3854
1786348800,1.349290,1.350460,1.348990,1.349960,116796.4334
1786363200,1.349890,1.352790,1.348820,1.352300,385571.3917
1786377600,1.352330,1.352450,1.350170,1.350530,373597.9614
1786392000,1.350440,1.350770,1.349010,1.350710,308588.4915
1786406400,1.350710,1.351240,1.350080,1.350750,70017.2619
1786420800,1.350710,1.351290,1.349080,1.349460,212509.3639
1786435200,1.349210,1.350620,1.349080,1.349210,271232.3661
1786449600,1.349250,1.351060,1.348970,1.351060,344437.6106
1786464000,1.351140,1.351290,1.349400,1.350640,216381.4481
1786478400,1.350620,1.350850,1.350060,1.350660,101748.0748
1786492800,1.350470,1.350860,1.349960,1.350330,60124.3769
1786507200,1.350380,1.350870,1.350000,1.350550,114200.6606
1786521600,1.350550,1.352560,1.350290,1.352180,643541.7784
1786536000,1.352310,1.353790,1.349890,1.350580,1519609.3098
1786550400,1.350700,1.350770,1.348380,1.348890,169330.7323
1786564800,1.348810,1.349550,1.348580,1.349290,146526.1451
1786579200,1.349370,1.349810,1.348300,1.348780,104194.2902
1786593600,1.348680,1.349560,1.347190,1.347910,124429.9778
1786608000,1.347910,1.349930,1.347110,1.348970,259645.5359
1786622400,1.348980,1.351390,1.348080,1.349600,546264.9540
1786636800,1.349560,1.349700,1.348010,1.348720,236094.6089
1786651200,1.348740,1.349080,1.348100,1.349010,120412.7714
1786665600,1.348990,1.349780,1.348830,1.349360,125137.3120
1786680000,1.349370,1.351160,1.349370,1.351160,192153.4836
1786694400,1.351100,1.354220,1.351100,1.353310,287013.1421
1786708800,1.353300,1.356090,1.353220,1.355300,462825.6001
1786723200,1.355290,1.355490,1.352480,1.353130,250733.7298
1786737600,1.353350,1.353500,1.352900,1.353120,201996.0279
1786752000,1.353290,1.353320,1.352700,1.352750,75838.6182
1786766400,1.352790,1.353400,1.352510,1.352760,80585.2944
1786780800,1.352700,1.353310,1.352440,1.352850,181683.7020
1786795200,1.352850,1.353200,1.352420,1.352740,182068.3308
1786809600,1.352870,1.353450,1.351690,1.352200,281694.9826
1786824000,1.352190,1.352460,1.351710,1.351840,77080.3587
1786838400,1.351980,1.352330,1.351590,1.352180,42336.1049
1786852800,1.351940,1.352300,1.351490,1.351780,88768.2427
1786867200,1.351860,1.352180,1.351590,1.351730,79371.8926
1786881600,1.351820,1.352790,1.351590,1.351880,217014.6485
1786896000,1.351880,1.353280,1.351800,1.352650,183394.6589
1786910400,1.352510,1.354360,1.351660,1.354130,469201.2454
1786924800,1.354170,1.355000,1.354170,1.354850,78157.3922
1786939200,1.354690,1.356810,1.354560,1.355810,266062.6703
1786953600,1.355800,1.356820,1.354490,1.355370,498095.7082
1786968000,1.355380,1.356740,1.354940,1.356000,689940.1587
1786982400,1.356020,1.356440,1.353610,1.354440,1722014.4589
1786996800,1.354550,1.355230,1.353850,1.355220,227746.6989
1787011200,1.355310,1.355490,1.353440,1.353550,81125.7983
1787025600,1.353560,1.354300,1.352000,1.353050,148951.7266
1787040000,1.352850,1.353430,1.352320,1.352900,658274.3367
1787054400,1.352890,1.355280,1.352640,1.354350,415847.3578
1787068800,1.354420,1.354860,1.353100,1.353230,290028.7665
1787083200,1.353250,1.353790,1.352050,1.353530,284598.2290
1787097600,1.353560,1.354230,1.351940,1.353770,296139.5467
1787112000,1.353810,1.355760,1.353640,1.355500,157239.4310
1787126400,1.355480,1.356610,1.354390,1.355320,283510.9862
1787140800,1.355240,1.371210,1.340000,1.360440,2483808.1179
1787155200,1.360520,1.361470,1.358740,1.360680,1036286.3152
1787169600,1.360810,1.361510,1.359940,1.360120,526982.0028
1787184000,1.360160,1.361700,1.359480,1.361380,280735.8302
1787198400,1.361480,1.363140,1.360040,1.362560,218246.9788
1787212800,1.362560,1.365530,1.362310,1.363130,801083.2692
1787227200,1.363050,1.365190,1.362030,1.363690,743865.0805
1787241600,1.363640,1.363680,1.361470,1.362810,690131.5346
1787256000,1.362790,1.364160,1.362330,1.364160,306371.2202
1787270400,1.364160,1.365410,1.363560,1.364410,177583.9690
1787284800,1.364470,1.365110,1.363430,1.363670,299212.3469
1787299200,1.363690,1.367300,1.361170,1.365250,1292244.0295
1787313600,1.365280,1.365280,1.361170,1.364270,1136504.9247
1787328000,1.364370,1.365480,1.363750,1.364830,328242.6525
1787342400,1.364750,1.366500,1.364180,1.364390,506812.0627
1787356800,1.364400,1.364690,1.364100,1.364360,234273.0852
1787371200,1.364270,1.365250,1.359960,1.364280,875850.8306
1787385600,1.364130,1.364990,1.363840,1.364520,481167.3539
1787400000,1.364360,1.364880,1.363750,1.364450,403199.1609
1787414400,1.364570,1.364650,1.363760,1.364340,257006.9290
1787428800,1.364340,1.364430,1.363910,1.364310,144634.9941
1787443200,1.364310,1.365170,1.364040,1.364430,174767.1933
1787457600,1.364430,1.364950,1.364040,1.364740,123037.2244
1787472000,1.364740,1.365640,1.364440,1.364820,305718.1995
1787486400,1.364700,1.365660,1.364090,1.365570,361355.0853
1787500800,1.365570,1.366930,1.365280,1.365900,1621232.1936
1787515200,1.365960,1.366390,1.363490,1.365460,481624.0750
1787529600,1.365600,1.365690,1.364330,1.364690,65101.9081
1787544000,1.364650,1.364940,1.363230,1.363450,242262.9230
1787558400,1.363240,1.363960,1.362150,1.363830,952308.4650
1787572800,1.363800,1.364790,1.359160,1.362940,1614707.8969
1787587200,1.362940,1.363770,1.362410,1.362630,626002.8822
1787601600,1.362660,1.363730,1.362040,1.363640,457068.9759
1787616000,1.363640,1.363920,1.362650,1.362810,402284.8990
1787630400,1.362750,1.364320,1.362000,1.363620,297797.9741
1787644800,1.363620,1.364810,1.362780,1.363280,1283341.1423
1787659200,1.363260,1.365170,1.362590,1.363840,787005.3120
1787673600,1.363860,1.365370,1.363060,1.365230,620153.1132
1787688000,1.365240,1.365520,1.364250,1.364560,358664.1162
1787702400,1.364510,1.364880,1.363570,1.363630,124920.3757
1787716800,1.363640,1.364070,1.362360,1.363070,271773.3919
1787731200,1.363070,1.363620,1.361680,1.362890,723615.3354
1787745600,1.362850,1.363480,1.358070,1.359300,938162.3317
1787760000,1.359250,1.359600,1.358690,1.359270,369739.6394
1787774400,1.359270,1.359750,1.358940,1.359490,319141.9250
1787788800,1.359520,1.359620,1.358410,1.358550,157762.4073
1787803200,1.358400,1.359310,1.358250,1.358350,216135.5422
1787817600,1.358310,1.359170,1.356710,1.357680,1344569.6506
1787832000,1.357430,1.360280,1.357000,1.359680,1732915.5837
1787846400,1.359710,1.360130,1.358040,1.358670,637531.4172
1787860800,1.358640,1.359730,1.358530,1.359400,452822.4216
1787875200,1.359560,1.359620,1.358190,1.358610,416551.1719
1787889600,1.358600,1.359380,1.357850,1.358480,347543.0608
1787904000,1.358480,1.359140,1.357820,1.358490,953237.3771
1787918400,1.358490,1.359790,1.353020,1.355530,888732.0247
1787932800,1.355530,1.355530,1.352720,1.353920,854991.3311
1787947200,1.353920,1.354900,1.353060,1.353600,834255.3034
1787961600,1.353740,1.353860,1.353100,1.353550,122785.8270
1787976000,1.353350,1.354980,1.353240,1.354210,284552.1173
1787990400,1.354230,1.354470,1.353330,1.354130,317365.8384
1788004800,1.353880,1.355420,1.353300,1.353560,425145.4790
1788019200,1.353560,1.353850,1.353010,1.353010,364374.6995
1788033600,1.353050,1.353740,1.352270,1.353440,273579.1596
1788048000,1.353650,1.353680,1.353120,1.353270,133562.9705
1788062400,1.353290,1.353630,1.353070,1.353400,159525.0084
1788076800,1.353210,1.353580,1.352870,1.353200,303333.7917
1788091200,1.353200,1.354110,1.352970,1.353070,370963.4448
1788105600,1.353060,1.353340,1.352130,1.352600,407002.2678
1788120000,1.352550,1.353680,1.352280,1.353570,467945.4444
1788134400,1.353570,1.354630,1.353080,1.354220,358924.8475
1788148800,1.354220,1.354880,1.353280,1.354330,993439.6010
1788163200,1.354310,1.355240,1.353260,1.353450,388809.4512
1788177600,1.353450,1.356380,1.353250,1.354820,876455.7495
1788192000,1.354690,1.355260,1.354400,1.354760,587121.0241
1788206400,1.354750,1.355350,1.354150,1.354750,338505.2685
1788220800,1.354670,1.355800,1.353940,1.354050,189610.5493
1788235200,1.353930,1.354810,1.353020,1.353440,292333.5588
1788249600,1.353460,1.354680,1.352720,1.353360,850345.4943
1788264000,1.353360,1.355240,1.352360,1.352610,978971.1156
1788278400,1.352710,1.352780,1.350540,1.351060,1019564.5749
1788292800,1.351060,1.352110,1.350860,1.351310,560280.3575
1788307200,1.351290,1.351380,1.350100,1.350180,198245.5090
1788321600,1.350170,1.351200,1.348970,1.350990,323864.1077
1788336000,1.350960,1.351400,1.347590,1.348250,1409685.5344
1788350400,1.348190,1.351340,1.347320,1.349920,993312.0943
1788364800,1.349940,1.350220,1.348160,1.348740,752597.1578
1788379200,1.348680,1.349140,1.347820,1.348020,448250.4411
1788393600,1.348030,1.349530,1.347860,1.349320,290818.3191
1788408000,1.349390,1.350330,1.348140,1.350050,418521.7473
1788422400,1.350010,1.352720,1.348170,1.349150,1231744.5653
1788436800,1.349140,1.353840,1.348600,1.353050,1876442.1804
1788451200,1.352970,1.354610,1.352070,1.352330,1127778.3903
1788465600,1.352370,1.352850,1.352030,1.352650,715605.8326
1788480000,1.352720,1.353540,1.352270,1.352760,280923.4030
1788494400,1.352770,1.354600,1.352710,1.353280,828285.0529
1788508800,1.353280,1.354050,1.351980,1.353000,848521.0563
1788523200,1.353000,1.353350,1.348200,1.352190,1168035.7900
1788537600,1.352060,1.352760,1.351170,1.351820,2110360.0171
1788552000,1.351830,1.352000,1.351200,1.351440,451656.7496
1788566400,1.351420,1.351520,1.351210,1.351280,168185.7014
1788580800,1.351260,1.351450,1.351210,1.351360,222769.7313
1788595200,1.351320,1.351450,1.350860,1.351020,386106.4878
1788609600,1.351020,1.351450,1.350860,1.351220,479627.2594
1788624000,1.351220,1.351620,1.347470,1.349250,1108966.5106
1788638400,1.349220,1.349740,1.348330,1.349250,376855.2309
1788652800,1.349060,1.349730,1.348350,1.349710,196126.0597
1788667200,1.349380,1.351380,1.348250,1.349960,268327.4362
1788681600,1.349780,1.350990,1.346190,1.349010,671188.2621
1788696000,1.349030,1.351160,1.348890,1.349970,573229.7452
1788710400,1.350010,1.351230,1.344210,1.349470,849526.0206
1788724800,1.349490,1.351610,1.349460,1.351290,735503.8365
1788739200,1.351250,1.353620,1.347120,1.350420,508126.9900
1788753600,1.350490,1.353100,1.350230,1.353050,599866.7117
1788768000,1.352930,1.354250,1.352690,1.352990,947789.1382
1788782400,1.353000,1.354620,1.352460,1.353840,1272154.4907
1788796800,1.353760,1.354730,1.353560,1.353840,791451.3492
1788811200,1.353840,1.354720,1.353720,1.354380,566686.1753
1788825600,1.354370,1.354760,1.353230,1.353560,443217.6552
1788840000,1.353560,1.355100,1.351530,1.352810,645353.7956
1788854400,1.352840,1.354380,1.351870,1.354200,824062.7090
1788868800,1.354230,1.355930,1.353550,1.353720,1022740.1840
1788883200,1.353690,1.354800,1.352740,1.353640,728309.4359
1788897600,1.353770,1.354080,1.353020,1.353890,447437.9595
1788912000,1.353950,1.354720,1.353770,1.354220,271578.2728
1788926400,1.354190,1.356500,1.354100,1.355460,320563.9172
1788940800,1.355570,1.356240,1.352690,1.355770,1237306.4296
1788955200,1.355770,1.357230,1.353220,1.354420,1233701.7162
1788969600,1.354530,1.355810,1.353840,1.354310,663437.5533
1788984000,1.354260,1.354940,1.353880,1.354520,587553.5199
1788998400,1.354570,1.355680,1.354090,1.355420,172591.6802
1789012800,1.355400,1.355590,1.354620,1.354820,307507.4234
1789027200,1.354820,1.355360,1.352360,1.352570,1050356.3987
1789041600,1.352580,1.353120,1.348890,1.352700,1413849.5350
1789056000,1.352710,1.352970,1.350330,1.350710,667928.5955
1789070400,1.350730,1.351230,1.350140,1.350630,499424.9539
1789084800,1.350530,1.351360,1.349170,1.349550,301289.1511
1789099200,1.349560,1.352310,1.349520,1.351120,1012800.4141
1789113600,1.351110,1.352820,1.349400,1.349810,1462972.3688
1789128000,1.349800,1.353170,1.347320,1.351620,1592749.1896
1789142400,1.351590,1.352410,1.351290,1.352030,940603.0882
